day_of_week,hour_of_day,traffic_level,total_connectors,available_connectors,queue_length,wait_time_minutes
5,3,1,2,1,0,0.0
1,7,2,2,0,5,144.99
0,18,1,3,0,1,25.72
1,7,2,4,0,5,73.3
1,22,1,4,4,0,0.0
3,7,2,3,0,1,35.05
6,5,0,4,2,0,0.0
2,4,0,2,0,0,12.03
3,3,0,3,2,0,0.0
6,1,0,4,4,0,0.0
0,12,1,2,1,0,0.0
6,20,0,4,4,0,0.0
1,22,0,2,2,0,0.0
1,9,1,2,0,4,97.03
2,14,0,4,1,0,0.0
2,11,1,2,1,0,0.0
5,21,0,4,4,0,0.0
5,5,1,4,1,0,0.0
1,14,0,3,1,0,0.0
5,10,0,2,0,1,28.16
3,8,1,2,0,2,60.03
5,15,1,3,3,0,0.0
1,8,1,2,0,5,116.06
3,18,2,3,0,2,49.09
4,15,0,2,0,0,11.57
5,5,0,4,4,0,0.0
0,12,1,3,3,0,0.0
4,8,1,4,0,5,57.57
6,8,2,4,0,3,48.48
3,5,0,3,2,0,0.0
4,5,0,4,2,0,0.0
6,20,1,4,1,0,0.0
1,11,1,2,2,0,0.0
0,19,2,3,0,1,28.17
2,9,1,2,0,5,113.55
0,2,0,4,0,2,17.63
6,4,1,2,1,0,0.0
4,5,1,3,3,0,0.0
1,17,2,4,0,3,45.97
3,21,0,4,3,0,0.0
4,14,0,2,0,0,13.13
2,0,1,4,1,0,0.0
4,7,1,2,0,2,56.68
0,1,0,3,1,0,0.0
2,21,0,3,1,0,0.0
5,18,2,4,0,4,57.18
6,13,0,2,0,2,40.43
3,11,0,3,3,0,0.0
6,23,1,2,2,0,0.0
5,3,0,2,2,0,0.0
2,3,0,2,0,2,37.05
3,4,0,3,2,0,0.0
3,7,2,2,0,1,48.14
5,17,1,2,0,2,55.65
3,15,0,3,3,0,0.0
0,5,0,3,3,0,0.0
2,14,0,3,3,0,0.0
1,6,0,3,0,2,23.91
5,17,2,2,0,1,48.22
0,18,2,3,0,1,29.7
4,2,0,2,2,0,0.0
0,21,0,2,0,2,38.25
1,18,1,4,0,4,47.55
5,18,2,4,0,3,47.42
1,21,0,4,1,0,0.0
2,12,1,2,2,0,0.0
2,14,0,3,0,1,15.46
4,18,1,2,0,5,120.7
2,4,0,3,1,0,0.0
2,9,2,2,0,5,143.97
6,20,0,4,4,0,0.0
2,21,0,2,1,0,0.0
0,3,1,4,1,0,0.0
2,9,1,4,0,2,27.13
5,20,1,3,3,0,0.0
2,1,1,2,1,0,0.0
6,8,1,2,0,2,60.15
5,8,2,2,1,0,0.0
4,22,1,3,0,0,8.39
0,22,1,2,0,1,32.92
4,17,2,2,0,1,44.08
2,11,0,2,0,2,34.84
1,21,0,2,2,0,0.0
6,13,1,4,1,0,0.0
1,5,0,2,0,0,12.89
5,10,1,3,1,0,0.0
2,5,0,4,3,0,0.0
6,1,0,3,1,0,0.0
6,14,0,3,1,0,0.0
1,0,0,4,3,0,0.0
2,8,2,2,0,5,145.48
3,21,0,4,0,0,6.59
2,5,0,4,0,0,6.02
4,13,1,3,2,0,0.0
3,19,1,4,1,0,0.0
4,6,0,3,3,0,0.0
0,16,2,4,0,3,47.4
3,2,0,4,4,0,0.0
2,21,1,2,1,0,0.0
4,9,2,4,0,4,57.04
5,9,1,4,0,4,47.31
5,12,1,4,1,0,0.0
4,18,2,3,0,3,63.08
2,6,1,3,2,0,0.0
3,14,1,3,1,0,0.0
4,15,0,4,0,1,14.61
4,21,1,4,2,0,0.0
0,7,2,4,0,2,36.69
1,0,0,2,1,0,0.0
4,2,0,3,1,0,0.0
5,22,0,3,3,0,0.0
1,4,1,4,0,0,4.6
6,13,0,2,2,0,0.0
4,14,1,2,0,0,16.9
3,4,1,3,2,0,0.0
6,14,1,4,4,0,0.0
3,17,1,3,1,0,0.0
3,8,2,2,0,5,143.23
3,20,0,2,1,0,0.0
0,22,0,3,2,0,0.0
2,10,0,4,1,0,0.0
1,7,2,3,0,2,46.65
0,13,0,3,3,0,0.0
3,1,0,2,1,0,0.0
6,18,1,4,1,0,0.0
3,0,0,3,3,0,0.0
6,13,1,4,4,0,0.0
6,19,2,2,0,3,97.22
3,15,0,2,1,0,0.0
5,21,1,3,1,0,0.0
6,14,1,2,2,0,0.0
0,12,1,4,0,0,10.19
5,13,0,2,0,0,14.36
2,12,0,3,3,0,0.0
2,10,0,3,3,0,0.0
2,2,0,3,0,1,14.99
1,20,1,2,0,0,15.63
1,6,1,2,0,0,16.91
1,15,0,4,4,0,0.0
1,14,0,4,2,0,0.0
1,19,2,4,0,2,37.95
2,3,0,4,2,0,0.0
4,21,0,3,1,0,0.0
0,18,2,4,0,1,23.04
5,9,2,4,0,5,71.63
6,1,1,3,3,0,0.0
5,11,1,2,2,0,0.0
2,0,0,3,0,1,14.45
2,20,1,3,1,0,0.0
3,5,1,4,2,0,0.0
4,17,2,3,1,0,0.0
6,23,0,4,2,0,0.0
6,7,2,2,1,0,0.0
1,14,1,4,3,0,0.0
2,0,0,3,1,0,0.0
3,6,0,3,2,0,0.0
2,19,2,4,0,5,69.61
1,2,1,2,1,0,0.0
3,17,2,2,1,0,0.0
5,22,0,3,0,0,9.96
2,7,2,3,0,3,66.71
5,18,2,3,0,4,79.86
5,17,2,3,1,0,0.0
2,9,1,3,0,2,41.01
2,3,1,4,1,0,0.0
1,6,0,4,2,0,0.0
5,18,2,4,0,1,24.72
6,6,0,3,2,0,0.0
1,9,2,2,0,3,94.71
0,1,0,4,1,0,0.0
5,15,0,2,2,0,0.0
2,15,0,3,2,0,0.0
1,1,0,3,0,0,9.06
3,15,1,2,2,0,0.0
5,1,0,2,2,0,0.0
2,2,0,2,2,0,0.0
6,13,1,4,4,0,0.0
1,16,2,3,1,0,0.0
2,18,2,3,0,5,99.08
5,3,1,2,0,1,32.43
5,2,0,2,0,2,40.63
0,5,0,2,1,0,0.0
5,19,2,3,0,2,42.76
2,22,1,3,3,0,0.0
0,21,0,2,2,0,0.0
4,21,0,2,0,2,39.14
1,20,0,2,0,0,12.67
0,5,1,3,2,0,0.0
3,3,1,3,2,0,0.0
5,12,1,3,3,0,0.0
3,2,0,4,3,0,0.0
5,10,0,4,0,0,5.65
1,21,1,4,0,2,24.56
6,8,1,4,0,4,44.77
4,20,0,3,1,0,0.0
4,13,0,4,0,1,12.06
2,13,0,3,0,0,9.05
2,13,0,4,2,0,0.0
5,12,0,4,3,0,0.0
0,10,0,3,0,1,19.62
6,16,2,2,1,0,0.0
3,1,1,2,1,0,0.0
4,15,0,4,0,0,5.21
2,17,2,2,1,0,0.0
5,15,0,2,2,0,0.0
4,7,1,4,0,5,56.88
0,17,1,3,0,1,25.0
3,3,0,4,3,0,0.0
5,9,2,4,0,4,61.83
6,15,0,3,3,0,0.0
4,4,0,3,1,0,0.0
6,2,0,3,2,0,0.0
6,16,1,3,0,3,52.66
6,18,2,4,1,0,0.0
6,4,1,3,3,0,0.0
2,10,1,4,3,0,0.0
3,10,1,2,0,2,47.69
3,7,1,3,0,4,66.03
5,12,1,3,1,0,0.0
3,1,1,2,2,0,0.0
2,3,0,3,3,0,0.0
0,23,0,2,2,0,0.0
1,2,0,3,2,0,0.0
4,22,1,3,0,1,21.86
6,21,0,4,2,0,0.0
5,22,1,3,0,2,34.44
0,7,2,4,0,2,34.6
5,2,0,3,0,1,16.01
1,22,0,3,0,1,15.88
6,1,0,3,2,0,0.0
3,4,1,2,1,0,0.0
4,21,0,2,0,0,9.57
4,12,1,4,1,0,0.0
3,18,1,2,1,0,0.0
5,8,2,3,0,4,80.59
2,21,0,4,0,1,13.02
2,18,2,3,1,0,0.0
5,8,2,3,0,4,80.01
6,15,0,2,1,0,0.0
4,11,0,4,2,0,0.0
0,21,0,3,0,2,24.53
6,21,0,4,4,0,0.0
5,15,0,3,2,0,0.0
1,20,1,2,1,0,0.0
5,23,1,4,1,0,0.0
5,3,1,4,0,1,13.42
6,14,1,2,1,0,0.0
5,4,0,2,1,0,0.0
5,13,0,2,0,2,36.66
2,16,2,4,0,3,47.31
6,15,1,3,2,0,0.0
6,3,0,3,1,0,0.0
6,7,2,4,1,0,0.0
6,17,1,3,1,0,0.0
0,8,1,4,1,0,0.0
2,21,1,4,2,0,0.0
4,12,0,4,0,2,17.15
1,15,1,2,2,0,0.0
2,19,2,2,0,4,119.68
5,9,2,4,0,2,36.81
0,1,0,3,0,0,12.11
1,17,2,2,1,0,0.0
2,21,1,4,4,0,0.0
3,18,2,4,0,4,60.35
5,3,1,3,3,0,0.0
2,1,0,4,1,0,0.0
3,14,0,2,0,2,38.02
2,17,2,4,0,4,59.85
2,6,0,2,0,2,33.66
1,20,1,4,0,0,8.07
6,10,0,2,2,0,0.0
1,2,0,4,4,0,0.0
1,7,1,3,0,3,52.12
6,4,1,2,1,0,0.0
6,5,1,2,0,0,21.18
0,11,1,2,1,0,0.0
0,5,0,3,1,0,0.0
5,13,0,4,0,1,12.12
3,11,1,4,0,1,16.85
4,7,1,4,0,4,48.68
5,0,0,2,1,0,0.0
3,21,0,2,2,0,0.0
3,2,0,2,2,0,0.0
1,2,0,2,2,0,0.0
5,18,2,4,0,4,57.66
4,16,2,3,1,0,0.0
0,22,1,2,2,0,0.0
6,17,1,4,1,0,0.0
3,7,2,3,1,0,0.0
3,13,0,4,2,0,0.0
3,10,0,4,2,0,0.0
1,21,0,3,0,0,10.62
0,13,1,2,2,0,0.0
2,4,0,4,4,0,0.0
4,17,2,3,0,4,81.5
2,21,1,3,0,1,23.25
4,9,1,3,0,2,37.18
5,15,0,2,1,0,0.0
6,17,1,3,0,5,80.81
1,13,1,4,4,0,0.0
5,20,0,4,4,0,0.0
5,22,0,3,1,0,0.0
2,22,0,3,2,0,0.0
0,5,1,2,2,0,0.0
3,2,1,2,2,0,0.0
0,2,1,4,1,0,0.0
3,13,0,3,1,0,0.0
2,9,2,4,0,1,21.2
1,5,0,4,0,1,13.67
3,21,0,3,3,0,0.0
3,8,2,2,0,3,100.38
3,3,1,3,3,0,0.0
4,21,0,3,1,0,0.0
3,19,1,2,0,3,76.02
1,4,0,3,2,0,0.0
0,0,1,3,3,0,0.0
1,4,1,3,1,0,0.0
4,17,2,4,0,4,58.87
6,23,0,2,0,1,25.2
0,10,0,4,4,0,0.0
3,22,0,4,2,0,0.0
0,12,0,2,0,2,36.49
3,22,0,3,3,0,0.0
6,3,0,2,2,0,0.0
3,16,2,2,0,3,92.9
1,10,0,2,2,0,0.0
5,3,1,4,1,0,0.0
6,11,1,3,1,0,0.0
1,3,0,2,0,0,12.64
4,4,0,4,1,0,0.0
6,20,0,3,3,0,0.0
5,18,2,4,0,3,45.88
1,14,0,2,1,0,0.0
5,9,2,3,0,3,64.95
4,2,0,3,3,0,0.0
0,1,0,3,0,2,23.16
6,2,1,4,4,0,0.0
3,14,1,4,0,1,19.35
6,18,1,4,0,5,56.93
3,16,1,2,1,0,0.0
0,10,0,4,4,0,0.0
5,5,0,2,2,0,0.0
3,14,1,4,4,0,0.0
1,11,0,3,3,0,0.0
3,10,1,4,0,2,23.73
5,10,0,2,0,2,39.13
5,12,0,3,1,0,0.0
2,2,1,4,1,0,0.0
2,9,2,4,1,0,0.0
1,19,1,4,0,5,56.04
3,20,0,3,0,2,25.45
5,13,0,4,0,1,15.11
2,5,0,2,1,0,0.0
1,7,1,2,0,3,74.79
6,3,1,4,4,0,0.0
0,21,1,3,1,0,0.0
4,12,0,2,0,2,37.87
6,19,2,2,1,0,0.0
0,13,1,3,1,0,0.0
3,19,2,3,1,0,0.0
1,17,2,2,1,0,0.0
6,6,1,3,3,0,0.0
3,9,2,3,1,0,0.0
1,6,0,4,2,0,0.0
0,20,0,3,0,2,25.52
6,16,2,2,0,2,73.56
2,14,0,4,3,0,0.0
0,7,2,3,0,4,77.53
0,12,0,4,1,0,0.0
3,2,0,3,0,1,14.03
0,22,0,4,1,0,0.0
1,1,0,3,1,0,0.0
6,22,0,3,0,0,9.38
0,8,1,2,1,0,0.0
0,9,2,2,0,1,48.59
1,13,1,4,3,0,0.0
0,3,1,3,0,2,33.0
4,18,2,2,0,3,96.69
3,0,0,4,1,0,0.0
4,13,1,2,2,0,0.0
0,16,1,3,0,4,63.64
6,15,1,2,1,0,0.0
2,8,1,4,0,1,19.96
2,7,2,4,0,5,72.59
5,10,0,2,1,0,0.0
4,10,0,4,3,0,0.0
5,15,0,4,1,0,0.0
0,22,0,3,2,0,0.0
1,1,0,2,1,0,0.0
2,16,2,3,1,0,0.0
2,1,0,4,2,0,0.0
2,1,0,4,2,0,0.0
0,11,0,3,3,0,0.0
3,10,0,2,2,0,0.0
3,11,0,4,0,2,17.32
3,2,1,3,1,0,0.0
4,9,1,3,0,3,55.73
5,9,2,3,1,0,0.0
1,22,0,3,3,0,0.0
0,23,1,3,3,0,0.0
2,20,0,2,2,0,0.0
5,12,1,3,1,0,0.0
0,4,1,4,3,0,0.0
0,4,0,2,2,0,0.0
2,11,1,3,0,2,33.45
1,21,0,3,2,0,0.0
3,2,0,4,4,0,0.0
2,12,1,3,2,0,0.0
1,3,1,2,0,1,30.12
4,12,0,4,2,0,0.0
6,8,2,4,0,5,73.31
2,22,0,3,0,0,6.38
6,2,0,3,3,0,0.0
0,21,1,3,2,0,0.0
5,2,1,4,2,0,0.0
2,5,1,4,1,0,0.0
6,11,0,4,0,0,7.82
6,4,0,2,0,1,27.32
4,18,2,3,0,5,94.36
0,2,0,3,3,0,0.0
4,13,1,3,0,0,12.76
2,20,0,2,1,0,0.0
5,16,1,3,0,2,39.83
3,16,1,2,0,3,79.64
1,5,1,3,1,0,0.0
2,16,1,3,0,2,42.79
5,17,1,3,0,5,77.51
4,2,1,4,1,0,0.0
4,18,1,2,0,5,115.49
0,0,0,2,2,0,0.0
6,18,2,3,0,5,94.22
3,19,1,4,1,0,0.0
5,17,2,3,0,4,78.37
1,21,0,3,3,0,0.0
0,22,0,2,1,0,0.0
3,15,0,3,2,0,0.0
4,4,1,3,2,0,0.0
5,11,0,3,2,0,0.0
4,17,2,2,0,4,119.85
0,8,1,3,0,1,26.68
0,9,2,3,1,0,0.0
1,5,1,3,2,0,0.0
1,5,1,3,3,0,0.0
3,9,1,3,0,4,65.55
4,14,0,2,2,0,0.0
2,1,0,2,1,0,0.0
4,20,0,4,2,0,0.0
4,0,0,2,0,1,26.65
5,11,0,3,0,1,16.69
0,18,1,4,0,5,61.41
2,2,1,3,3,0,0.0
6,17,2,3,0,2,47.47
0,12,0,3,2,0,0.0
6,4,1,2,2,0,0.0
3,16,1,2,0,2,63.94
5,10,1,3,3,0,0.0
1,19,1,4,0,5,59.75
2,5,1,3,2,0,0.0
4,10,1,4,4,0,0.0
3,22,0,4,3,0,0.0
6,0,0,3,0,1,14.95
4,9,2,4,0,5,69.86
3,8,2,4,0,1,24.96
4,15,1,2,2,0,0.0
5,19,1,3,0,1,25.55
4,22,0,2,0,1,26.43
2,13,0,2,2,0,0.0
1,13,1,4,3,0,0.0
6,23,0,4,1,0,0.0
4,6,0,4,3,0,0.0
4,12,0,3,3,0,0.0
4,10,0,4,2,0,0.0
4,15,0,2,1,0,0.0
4,9,2,2,0,2,72.95
5,22,0,3,3,0,0.0
2,17,2,4,0,1,23.85
4,21,0,4,3,0,0.0
6,11,0,2,0,1,23.31
5,2,0,3,2,0,0.0
5,15,0,2,2,0,0.0
2,17,2,4,0,1,20.97
4,23,0,4,1,0,0.0
0,21,0,4,1,0,0.0
0,3,0,3,3,0,0.0
0,21,0,2,2,0,0.0
1,13,0,4,3,0,0.0
5,6,0,3,2,0,0.0
5,1,1,2,2,0,0.0
1,17,2,4,0,2,35.11
3,5,0,2,1,0,0.0
1,23,0,3,0,1,18.38
4,19,2,2,0,4,120.43
5,17,2,4,0,5,69.51
3,8,1,2,0,2,58.85
5,14,0,4,1,0,0.0
0,23,0,3,1,0,0.0
1,19,2,4,1,0,0.0
4,10,0,2,2,0,0.0
0,5,0,2,1,0,0.0
1,0,0,3,1,0,0.0
3,8,2,3,0,3,64.77
5,11,0,4,0,2,16.98
0,14,0,3,3,0,0.0
5,16,2,4,0,3,48.31
2,19,1,2,0,4,97.62
1,14,1,4,2,0,0.0
3,22,0,4,4,0,0.0
6,21,0,2,2,0,0.0
6,19,2,2,1,0,0.0
4,22,0,3,0,0,6.05
6,17,1,4,0,2,29.97
2,16,1,3,0,5,79.12
3,2,0,4,0,1,14.67
1,16,2,3,0,5,98.11
3,21,1,3,0,1,18.91
2,0,0,4,4,0,0.0
0,1,0,3,0,2,23.12
0,2,0,3,2,0,0.0
3,5,1,2,2,0,0.0
5,13,0,3,3,0,0.0
6,12,0,3,1,0,0.0
5,11,0,2,2,0,0.0
3,16,2,2,0,1,49.03
6,0,0,3,3,0,0.0
4,12,0,2,1,0,0.0
2,4,0,3,0,0,9.36
6,21,1,3,0,0,11.86
1,2,1,2,0,1,40.21
4,21,0,4,1,0,0.0
5,1,0,3,1,0,0.0
4,6,0,2,2,0,0.0
2,7,2,4,0,5,73.14
4,21,0,3,2,0,0.0
1,21,0,4,3,0,0.0
2,8,2,2,0,4,122.27
4,15,0,2,2,0,0.0
5,12,0,4,3,0,0.0
3,4,0,3,1,0,0.0
6,17,1,3,0,3,53.91
6,22,0,2,0,2,38.8
3,13,1,4,1,0,0.0
3,7,1,3,0,1,25.37
3,11,1,2,2,0,0.0
6,6,0,2,1,0,0.0
5,19,1,4,0,2,30.77
6,18,2,4,0,4,58.45
1,10,0,3,1,0,0.0
1,23,1,2,1,0,0.0
1,22,1,4,1,0,0.0
3,7,2,4,0,4,59.53
3,17,2,4,0,3,47.03
2,16,2,3,0,4,80.16
6,10,0,2,1,0,0.0
3,1,0,4,1,0,0.0
0,8,2,4,1,0,0.0
2,4,0,2,0,1,29.63
4,7,2,3,0,3,60.27
6,15,1,4,3,0,0.0
3,5,0,4,1,0,0.0
1,23,0,4,1,0,0.0
4,20,1,2,0,0,17.62
6,21,0,2,1,0,0.0
1,20,0,2,2,0,0.0
1,0,1,2,1,0,0.0
2,1,1,4,4,0,0.0
3,21,0,3,0,2,21.77
4,13,0,2,2,0,0.0
5,8,2,4,0,5,71.06
6,22,0,4,1,0,0.0
0,3,0,4,1,0,0.0
1,19,2,4,0,3,50.18
6,12,0,2,1,0,0.0
3,18,2,2,0,3,96.13
5,2,1,4,0,0,5.97
3,12,1,3,3,0,0.0
0,20,1,2,0,0,14.82
3,13,0,4,4,0,0.0
6,3,0,4,1,0,0.0
1,22,0,4,2,0,0.0
0,2,0,4,4,0,0.0
4,21,0,2,1,0,0.0
0,6,0,4,3,0,0.0
0,9,2,2,0,5,145.36
6,12,1,4,2,0,0.0
3,23,1,2,2,0,0.0
0,16,2,4,0,1,22.54
3,7,2,2,1,0,0.0
6,10,1,2,1,0,0.0
6,14,0,3,2,0,0.0
4,12,0,3,3,0,0.0
0,19,1,3,0,1,26.43
2,4,1,3,1,0,0.0
5,12,0,3,0,0,8.42
0,9,2,3,0,1,30.7
1,2,0,2,1,0,0.0
4,17,2,4,0,1,28.29
0,11,0,4,4,0,0.0
4,10,0,3,2,0,0.0
3,12,1,2,2,0,0.0
1,18,1,4,1,0,0.0
1,4,0,3,2,0,0.0
3,4,0,2,1,0,0.0
2,13,0,3,0,1,17.93
2,7,2,4,1,0,0.0
4,19,2,2,0,2,67.95
2,0,0,3,3,0,0.0
6,10,0,3,3,0,0.0
6,20,0,4,2,0,0.0
2,19,1,4,1,0,0.0
2,5,0,3,2,0,0.0
5,22,0,4,4,0,0.0
6,7,2,3,0,4,80.37
2,3,0,4,4,0,0.0
4,5,1,4,0,2,23.05
3,22,0,2,1,0,0.0
6,22,0,2,2,0,0.0
3,4,0,4,1,0,0.0
2,21,1,2,1,0,0.0
6,12,0,2,2,0,0.0
3,18,2,3,1,0,0.0
4,1,1,3,0,0,12.54
6,7,2,4,0,2,34.41
5,19,2,2,1,0,0.0
6,10,0,3,0,0,8.1
2,7,2,4,0,4,61.01
2,12,1,3,1,0,0.0
2,0,0,3,2,0,0.0
3,2,1,2,0,1,34.23
2,10,0,3,3,0,0.0
2,15,0,2,2,0,0.0
5,14,0,3,2,0,0.0
0,22,0,2,1,0,0.0
5,3,0,4,1,0,0.0
4,5,0,4,2,0,0.0
4,13,0,3,3,0,0.0
5,5,1,2,2,0,0.0
3,12,1,2,2,0,0.0
1,14,0,4,3,0,0.0
0,22,0,2,1,0,0.0
6,22,1,2,0,2,46.35
1,11,0,3,3,0,0.0
0,8,2,4,0,5,71.33
3,19,2,3,0,3,63.05
2,14,0,4,2,0,0.0
4,18,2,2,0,3,94.69
0,7,1,3,0,3,55.53
5,4,0,4,3,0,0.0
4,4,0,4,3,0,0.0
1,15,1,4,1,0,0.0
4,5,0,3,1,0,0.0
1,10,1,3,0,1,22.48
0,15,0,2,1,0,0.0
4,16,2,4,1,0,0.0
5,15,1,3,3,0,0.0
3,5,1,2,0,0,13.73
2,1,0,3,2,0,0.0
1,14,1,4,3,0,0.0
4,16,2,2,0,3,97.84
6,17,2,3,0,4,84.24
4,6,0,3,1,0,0.0
2,1,0,3,2,0,0.0
6,2,0,3,1,0,0.0
1,23,1,4,2,0,0.0
6,22,1,4,3,0,0.0
1,19,1,2,0,1,41.06
4,11,0,4,4,0,0.0
4,5,1,3,2,0,0.0
2,18,2,3,0,2,44.96
6,13,0,2,2,0,0.0
1,22,0,2,0,2,36.53
2,7,2,4,1,0,0.0
1,18,2,4,1,0,0.0
3,14,1,2,0,1,35.03
4,23,1,3,2,0,0.0
3,15,1,3,0,2,31.08
0,23,1,3,2,0,0.0
6,2,0,4,1,0,0.0
3,6,0,3,2,0,0.0
6,9,2,3,0,5,96.89
6,15,1,3,0,0,12.38
0,20,0,3,0,0,6.48
3,14,0,2,0,2,37.38
1,20,0,3,2,0,0.0
0,20,0,3,0,1,10.18
5,20,0,2,1,0,0.0
5,9,2,4,0,4,57.95
5,2,0,4,0,0,5.74
3,2,1,2,0,2,46.25
5,14,0,2,2,0,0.0
2,3,1,3,1,0,0.0
3,2,0,2,0,2,40.76
6,3,0,2,1,0,0.0
2,4,0,3,1,0,0.0
0,16,1,4,0,4,45.89
2,23,1,2,2,0,0.0
1,13,1,4,3,0,0.0
6,6,0,2,0,0,11.62
4,23,0,3,3,0,0.0
2,4,0,2,2,0,0.0
0,7,2,4,0,1,24.26
6,21,0,3,1,0,0.0
5,12,1,3,0,0,13.72
3,12,0,2,1,0,0.0
5,19,2,2,0,3,93.13
2,4,1,3,3,0,0.0
2,17,1,4,1,0,0.0
6,2,1,2,0,0,18.58
2,6,0,2,1,0,0.0
4,9,2,4,1,0,0.0
3,22,0,3,1,0,0.0
2,2,0,3,1,0,0.0
6,4,0,4,3,0,0.0
4,20,1,4,0,1,16.27
5,13,0,4,0,0,4.29
0,13,0,2,2,0,0.0
4,1,1,3,1,0,0.0
0,0,0,4,0,0,7.17
3,11,1,4,2,0,0.0
1,11,1,2,1,0,0.0
5,3,0,2,1,0,0.0
2,16,2,2,0,4,120.4
3,16,1,3,1,0,0.0
6,18,2,2,0,3,94.8
6,3,1,4,0,0,8.26
5,16,1,2,0,2,57.73
0,15,0,3,1,0,0.0
1,1,1,4,3,0,0.0
1,10,0,2,2,0,0.0
2,8,2,2,0,1,48.23
4,21,0,2,0,2,38.82
0,12,0,2,1,0,0.0
6,9,1,3,1,0,0.0
0,11,0,2,2,0,0.0
6,9,2,4,0,4,63.17
2,18,1,3,0,2,36.52
0,13,0,2,2,0,0.0
2,20,0,4,2,0,0.0
0,21,1,3,2,0,0.0
0,6,0,4,3,0,0.0
3,1,1,2,1,0,0.0
0,1,1,2,1,0,0.0
5,11,1,3,0,2,36.77
0,16,2,2,1,0,0.0
0,18,1,4,1,0,0.0
5,4,0,2,1,0,0.0
6,10,1,3,2,0,0.0
2,14,0,3,0,0,4.43
1,18,1,2,0,2,58.2
3,14,0,3,0,2,26.18
2,6,0,3,3,0,0.0
2,3,0,2,2,0,0.0
2,22,1,4,0,0,8.69
6,10,0,2,2,0,0.0
1,11,1,3,0,2,31.25
2,8,1,2,1,0,0.0
6,14,1,4,4,0,0.0
1,3,0,3,1,0,0.0
0,0,0,2,0,0,12.08
6,12,1,3,0,2,31.51
4,8,1,2,0,2,57.32
5,14,0,2,1,0,0.0
0,1,0,3,1,0,0.0
4,13,0,4,3,0,0.0
0,12,0,4,1,0,0.0
2,6,0,2,1,0,0.0
3,4,1,2,2,0,0.0
4,7,2,4,1,0,0.0
3,17,1,3,0,3,53.7
3,4,0,3,1,0,0.0
5,17,2,2,0,4,120.71
4,15,1,3,2,0,0.0
3,8,1,2,0,5,115.61
1,0,0,3,3,0,0.0
4,11,0,4,1,0,0.0
0,7,1,4,0,5,60.3
6,23,0,2,2,0,0.0
6,12,0,3,1,0,0.0
1,18,2,3,0,5,96.61
0,22,0,4,4,0,0.0
4,4,0,4,3,0,0.0
4,9,2,2,0,1,49.63
0,7,1,4,0,5,59.76
3,0,1,3,1,0,0.0
6,4,1,3,1,0,0.0
6,10,0,2,0,2,35.84
5,4,1,2,1,0,0.0
0,11,1,4,3,0,0.0
4,3,0,3,2,0,0.0
1,5,0,4,3,0,0.0
5,10,1,2,2,0,0.0
5,19,1,3,0,4,63.88
2,23,0,4,1,0,0.0
1,23,1,2,2,0,0.0
3,18,1,2,0,5,118.49
1,20,0,4,3,0,0.0
1,10,0,4,1,0,0.0
2,10,1,2,0,2,49.97
5,20,0,4,3,0,0.0
0,8,1,2,0,3,77.96
2,3,0,4,0,1,12.73
3,23,0,3,3,0,0.0
3,12,1,3,3,0,0.0
0,15,1,4,1,0,0.0
1,14,0,2,1,0,0.0
0,10,0,3,0,1,19.22
1,12,1,2,0,2,47.57
0,10,1,4,3,0,0.0
5,0,1,3,1,0,0.0
4,13,0,2,0,1,26.09
1,6,1,3,2,0,0.0
5,9,1,3,0,1,25.6
3,18,2,4,0,1,23.56
2,0,0,3,2,0,0.0
6,21,1,4,3,0,0.0
1,3,0,2,0,2,39.7
2,2,0,3,2,0,0.0
6,12,0,3,2,0,0.0
0,20,0,4,1,0,0.0
2,12,0,3,3,0,0.0
0,8,2,3,0,2,49.65
6,8,1,4,0,1,21.13
0,21,1,3,3,0,0.0
6,18,2,2,0,4,122.61
6,16,2,3,1,0,0.0
4,7,2,3,0,4,80.04
6,22,1,2,2,0,0.0
4,18,2,4,0,1,25.36
6,14,0,2,0,0,11.88
1,1,0,3,3,0,0.0
1,20,1,2,1,0,0.0
2,23,0,2,1,0,0.0
4,12,0,4,2,0,0.0
4,14,1,2,2,0,0.0
4,16,1,3,1,0,0.0
1,4,1,4,4,0,0.0
6,3,1,2,0,1,33.15
6,17,2,3,0,4,79.74
5,15,1,4,3,0,0.0
0,5,0,3,1,0,0.0
4,19,2,4,1,0,0.0
0,12,1,3,1,0,0.0
0,23,0,3,2,0,0.0
0,10,0,3,2,0,0.0
6,15,1,4,0,0,8.32
1,9,2,4,0,3,49.19
5,13,1,4,0,0,6.49
3,6,1,3,3,0,0.0
6,16,1,3,0,1,30.18
2,22,0,4,1,0,0.0
6,16,1,4,0,2,27.24
6,6,0,2,0,1,22.57
0,11,0,4,2,0,0.0
2,14,0,4,0,2,21.07
0,7,2,3,1,0,0.0
1,15,1,4,2,0,0.0
2,5,1,3,0,1,23.25
0,12,0,2,2,0,0.0
6,6,1,2,0,2,50.0
1,8,2,4,0,1,25.26
3,4,0,4,4,0,0.0
6,0,0,2,2,0,0.0
6,9,2,4,0,4,59.98
3,11,0,3,1,0,0.0
3,9,2,4,1,0,0.0
4,3,1,2,2,0,0.0
6,11,1,4,4,0,0.0
4,9,2,3,0,4,78.21
0,10,1,3,2,0,0.0
6,8,2,3,0,2,48.15
1,16,1,2,1,0,0.0
5,10,0,4,0,2,17.4
3,9,2,3,1,0,0.0
3,23,1,2,2,0,0.0
4,6,1,3,1,0,0.0
5,17,2,4,0,5,73.95
2,5,1,4,1,0,0.0
2,3,0,3,2,0,0.0
5,17,2,2,0,1,47.71
1,11,1,2,1,0,0.0
3,10,0,3,2,0,0.0
3,3,0,3,0,1,15.02
1,16,2,2,1,0,0.0
4,9,1,3,0,2,38.36
1,10,1,3,3,0,0.0
1,10,0,4,0,1,13.33
2,20,0,2,2,0,0.0
0,0,0,3,1,0,0.0
6,5,0,4,3,0,0.0
6,2,1,2,1,0,0.0
5,13,0,3,3,0,0.0
3,0,1,2,0,2,47.62
2,0,1,3,1,0,0.0
0,21,1,2,2,0,0.0
1,7,2,4,0,2,34.36
0,12,1,4,2,0,0.0
1,2,0,2,1,0,0.0
3,23,1,4,4,0,0.0
2,13,0,4,2,0,0.0
3,11,0,2,1,0,0.0
0,7,2,2,0,2,72.49
5,0,1,4,1,0,0.0
0,11,1,4,0,1,16.74
5,8,2,4,0,5,70.99
0,21,1,2,0,0,15.31
5,3,0,3,3,0,0.0
0,17,2,3,0,2,48.46
5,21,0,4,2,0,0.0
3,21,1,2,2,0,0.0
2,19,2,4,0,4,57.1
6,3,1,4,4,0,0.0
0,9,1,2,1,0,0.0
1,19,2,2,0,3,93.19
5,13,0,3,0,2,23.56
3,6,0,4,2,0,0.0
1,0,1,2,0,0,15.82
6,18,2,4,0,1,24.62
6,16,2,2,0,3,98.95
5,7,2,3,0,4,81.72
0,3,0,2,1,0,0.0
2,21,0,3,0,0,8.01
6,1,0,2,2,0,0.0
5,5,0,3,3,0,0.0
4,8,1,4,0,3,38.96
1,3,0,3,3,0,0.0
2,12,0,4,3,0,0.0
5,5,0,2,2,0,0.0
5,1,0,2,1,0,0.0
4,15,1,4,3,0,0.0
1,19,2,3,0,2,45.99
3,15,0,2,1,0,0.0
0,2,1,3,2,0,0.0
0,22,1,4,4,0,0.0
5,18,2,2,0,5,143.96
4,22,1,4,0,1,15.67
5,23,0,2,1,0,0.0
5,21,0,4,1,0,0.0
6,17,1,4,0,2,29.9
4,15,0,3,0,1,15.01
2,7,2,3,0,5,97.04
1,17,2,4,1,0,0.0
6,7,2,2,1,0,0.0
6,18,1,3,1,0,0.0
3,10,0,2,2,0,0.0
5,0,0,2,1,0,0.0
0,17,1,4,0,5,61.57
4,20,1,3,1,0,0.0
5,21,0,3,2,0,0.0
6,1,0,2,1,0,0.0
4,19,2,4,0,4,59.78
0,3,0,4,0,1,13.3
2,20,1,3,2,0,0.0
5,3,0,2,1,0,0.0
1,22,1,4,3,0,0.0
0,8,1,4,0,1,20.88
6,12,0,2,0,2,36.7
2,3,0,3,0,1,17.11
3,21,1,4,1,0,0.0
3,0,1,4,0,2,24.4
3,18,2,3,0,5,96.2
1,23,0,2,1,0,0.0
5,19,2,4,1,0,0.0
3,19,1,4,0,4,47.2
2,9,1,3,0,4,65.05
4,22,1,4,2,0,0.0
6,22,0,4,4,0,0.0
5,6,0,2,2,0,0.0
5,9,2,4,0,2,37.0
4,17,2,4,0,1,26.9
6,11,0,4,4,0,0.0
4,21,0,4,4,0,0.0
2,13,1,2,0,0,18.17
3,4,1,2,0,0,20.56
2,5,1,3,2,0,0.0
1,1,0,4,1,0,0.0
6,17,2,2,1,0,0.0
0,19,2,4,0,5,70.47
3,7,2,4,0,1,25.74
3,12,1,3,2,0,0.0
4,1,1,2,1,0,0.0
1,19,1,3,0,5,78.37
4,23,0,4,1,0,0.0
2,14,1,2,0,0,20.63
1,23,0,4,3,0,0.0
0,13,1,3,2,0,0.0
1,5,0,4,0,1,10.88
3,22,0,2,0,1,23.32
4,1,1,4,2,0,0.0
3,18,2,4,0,3,46.8
4,7,2,2,0,5,139.75
1,13,1,4,3,0,0.0
0,11,0,2,2,0,0.0
2,10,0,3,1,0,0.0
6,19,2,4,0,1,22.95
5,11,0,3,1,0,0.0
0,21,0,3,0,1,15.15
2,17,2,4,0,5,72.3
6,11,1,4,3,0,0.0
3,1,1,3,1,0,0.0
2,16,1,2,0,5,117.68
4,0,0,4,1,0,0.0
5,20,1,2,1,0,0.0
6,3,1,2,2,0,0.0
5,13,0,4,1,0,0.0
0,14,0,4,0,0,10.0
0,1,0,2,2,0,0.0
0,18,2,2,1,0,0.0
3,14,0,4,3,0,0.0
2,0,1,3,0,2,34.4
0,20,1,4,0,2,23.22
4,1,0,4,2,0,0.0
4,3,1,3,2,0,0.0
4,2,0,3,3,0,0.0
3,21,0,2,0,2,35.7
1,4,0,4,4,0,0.0
2,20,0,2,2,0,0.0
6,23,0,4,0,2,19.73
6,17,1,2,0,1,36.36
4,19,2,3,0,3,67.66
1,23,1,4,2,0,0.0
1,13,1,4,1,0,0.0
1,5,1,2,1,0,0.0
1,3,1,2,2,0,0.0
6,1,0,4,4,0,0.0
0,9,1,4,0,1,21.86
1,23,0,4,2,0,0.0
2,4,1,4,1,0,0.0
0,9,1,4,0,3,38.06
3,14,1,3,2,0,0.0
5,18,2,2,0,3,92.57
3,5,0,2,0,0,15.21
5,23,0,4,2,0,0.0
6,11,1,2,2,0,0.0
2,15,0,3,2,0,0.0
6,9,2,3,0,2,47.77
5,19,2,2,0,5,146.48
1,8,2,4,0,1,20.81
0,16,1,4,1,0,0.0
6,18,1,2,0,5,115.8
4,15,0,4,2,0,0.0
3,7,2,4,0,2,36.01
3,16,1,4,1,0,0.0
2,16,2,2,0,5,144.09
5,5,0,4,3,0,0.0
1,5,1,4,1,0,0.0
5,23,0,3,0,0,7.43
6,15,0,2,1,0,0.0
2,7,2,2,0,5,145.25
6,11,0,3,3,0,0.0
0,1,0,4,0,2,16.61
4,20,1,3,2,0,0.0
4,17,1,4,1,0,0.0
5,12,1,3,0,2,32.22
2,12,1,2,1,0,0.0
2,11,0,3,0,2,25.24
1,14,0,2,0,2,38.53
5,8,1,2,0,2,59.92
2,19,1,4,0,4,46.5
6,10,0,4,3,0,0.0
5,15,0,3,1,0,0.0
5,13,0,2,0,0,9.43
4,18,1,2,0,5,119.56
1,1,0,2,0,2,38.16
3,19,2,4,0,3,46.5
0,6,1,3,3,0,0.0
6,15,0,2,1,0,0.0
4,4,0,4,4,0,0.0
5,16,1,3,0,4,68.1
4,18,1,2,1,0,0.0
3,4,0,2,0,2,37.73
6,16,2,4,0,5,74.36
0,5,1,3,0,2,32.64
4,3,0,2,2,0,0.0
1,19,1,4,1,0,0.0
4,13,0,3,3,0,0.0
1,15,0,3,0,1,20.79
1,8,1,3,0,3,55.51
4,17,2,3,0,1,31.5
5,23,1,2,2,0,0.0
0,16,2,2,0,3,97.94
3,11,0,2,1,0,0.0
5,18,2,3,1,0,0.0
4,11,0,4,3,0,0.0
6,6,1,3,3,0,0.0
1,11,1,4,3,0,0.0
2,9,2,4,1,0,0.0
5,4,0,4,1,0,0.0
3,22,0,2,0,2,38.79
3,10,1,4,0,0,10.86
3,20,0,2,0,1,23.07
4,13,0,2,1,0,0.0
1,11,1,2,0,2,50.12
3,12,1,4,4,0,0.0
2,22,0,4,1,0,0.0
5,15,0,3,1,0,0.0
6,21,0,4,1,0,0.0
0,19,2,4,0,5,74.12
1,21,0,2,0,2,33.98
0,5,0,2,1,0,0.0
2,21,0,3,1,0,0.0
4,0,1,4,0,0,5.76
4,9,2,4,0,3,43.92
6,8,2,2,0,4,119.46
3,18,2,2,0,4,121.44
4,3,0,4,4,0,0.0
2,10,1,2,1,0,0.0
4,18,2,3,1,0,0.0
3,18,1,3,0,4,68.0
5,14,0,4,3,0,0.0
0,8,2,2,0,2,72.15
6,10,0,3,0,2,28.26
6,8,2,2,0,4,117.24
5,23,0,3,1,0,0.0
3,10,0,3,2,0,0.0
1,23,0,4,3,0,0.0
5,6,1,2,0,1,29.09
1,7,1,2,0,2,58.39
6,3,0,2,2,0,0.0
5,15,0,4,4,0,0.0
0,15,1,3,2,0,0.0
3,18,2,3,0,5,96.77
2,12,1,2,0,0,16.18
4,13,1,3,0,2,28.37
2,12,0,4,3,0,0.0
0,22,0,4,2,0,0.0
5,0,1,2,0,1,32.32
4,3,0,3,2,0,0.0
1,17,1,3,0,4,62.39
4,10,0,3,3,0,0.0
3,6,1,3,2,0,0.0
2,12,0,3,1,0,0.0
4,4,1,4,1,0,0.0
6,3,0,4,1,0,0.0
4,13,0,3,1,0,0.0
6,23,0,2,0,0,13.84
3,15,1,2,2,0,0.0
4,23,0,3,2,0,0.0
2,17,1,4,1,0,0.0
0,22,0,2,0,1,25.73
3,20,0,2,2,0,0.0
2,8,2,3,0,3,62.12
0,13,0,2,2,0,0.0
4,6,1,4,4,0,0.0
1,9,2,3,1,0,0.0
6,23,0,3,3,0,0.0
4,9,2,3,0,2,46.97
5,10,1,3,3,0,0.0
6,2,0,2,1,0,0.0
1,10,1,3,2,0,0.0
5,8,2,4,1,0,0.0
2,14,1,3,3,0,0.0
3,5,0,2,0,2,35.38
1,21,1,3,0,0,10.71
1,12,0,2,0,1,26.91
4,1,0,2,2,0,0.0
6,2,0,2,2,0,0.0
1,2,0,4,2,0,0.0
1,7,2,4,1,0,0.0
5,4,1,2,0,0,14.28
0,21,0,3,3,0,0.0
3,17,2,3,1,0,0.0
1,22,0,4,4,0,0.0
4,14,1,4,4,0,0.0
3,16,2,4,0,3,49.01
3,17,1,2,1,0,0.0
2,11,0,3,1,0,0.0
2,0,1,2,0,1,31.44
2,15,0,4,3,0,0.0
6,15,0,3,3,0,0.0
6,9,1,4,0,5,56.91
2,6,1,3,3,0,0.0
3,7,2,2,1,0,0.0
6,12,0,2,0,1,24.79
5,7,2,4,0,3,45.93
5,23,0,4,3,0,0.0
1,2,0,2,1,0,0.0
0,20,1,3,3,0,0.0
2,22,0,4,1,0,0.0
2,0,0,2,2,0,0.0
0,5,0,2,1,0,0.0
1,22,1,3,0,0,9.73
0,4,0,2,0,1,22.6
3,9,2,3,1,0,0.0
5,1,0,3,1,0,0.0
0,8,1,3,1,0,0.0
1,6,0,3,0,0,12.26
6,22,0,2,1,0,0.0
1,23,0,2,1,0,0.0
5,3,1,4,1,0,0.0
3,12,0,4,2,0,0.0
1,20,0,4,4,0,0.0
4,3,0,3,2,0,0.0
1,11,1,2,0,0,16.32
1,20,0,3,0,0,6.93
6,8,1,4,1,0,0.0
6,7,1,2,1,0,0.0
5,19,2,2,0,2,72.43
1,15,1,2,2,0,0.0
2,20,0,2,1,0,0.0
5,4,1,4,0,0,7.9
3,7,2,3,0,4,79.56
5,6,1,2,1,0,0.0
2,23,0,2,0,1,26.23
5,14,0,4,4,0,0.0
5,15,1,2,0,2,50.27
2,10,0,4,2,0,0.0
6,19,1,4,0,5,57.44
1,14,0,3,2,0,0.0
3,0,1,4,3,0,0.0
5,5,1,2,1,0,0.0
6,19,2,2,0,5,142.85
6,12,1,2,2,0,0.0
3,17,2,2,0,3,95.45
3,20,0,3,0,2,20.4
5,2,0,2,0,0,9.47
1,3,0,3,0,0,11.07
4,20,1,3,3,0,0.0
4,19,2,4,0,1,27.29
2,7,2,4,0,1,23.5
1,20,0,3,3,0,0.0
6,20,0,2,2,0,0.0
5,13,1,3,0,2,33.65
2,16,2,2,0,3,96.62
0,6,0,4,0,2,24.91
1,17,1,3,0,5,80.24
5,7,2,4,0,5,71.74
5,17,2,3,0,5,94.09
2,21,1,3,3,0,0.0
0,5,1,2,1,0,0.0
4,10,0,4,4,0,0.0
4,14,0,3,2,0,0.0
6,11,1,3,3,0,0.0
6,23,1,3,1,0,0.0
4,17,2,2,0,3,92.79
3,14,0,3,0,1,17.07
4,0,0,4,2,0,0.0
0,9,1,2,0,1,37.49
6,22,1,3,1,0,0.0
0,1,0,3,1,0,0.0
1,8,2,3,0,2,45.16
2,9,2,2,1,0,0.0
4,6,0,4,2,0,0.0
6,15,0,2,2,0,0.0
5,18,2,2,0,1,46.71
5,18,1,3,0,3,49.84
2,13,0,3,1,0,0.0
5,20,0,4,3,0,0.0
0,9,1,4,0,5,61.87
4,4,1,3,1,0,0.0
1,1,1,4,3,0,0.0
3,19,2,4,0,2,37.76
3,9,1,3,0,3,51.98
0,15,1,4,0,2,27.33
3,8,2,2,1,0,0.0
6,22,0,2,1,0,0.0
4,6,0,3,1,0,0.0
4,19,2,4,0,2,36.15
0,8,2,3,0,1,30.28
5,13,0,3,2,0,0.0
1,10,1,3,0,1,24.71
1,11,0,4,4,0,0.0
1,14,0,2,0,2,38.58
2,4,0,4,0,2,16.68
0,7,1,4,0,1,19.12
2,22,0,2,1,0,0.0
3,0,0,3,1,0,0.0
1,17,2,4,1,0,0.0
4,23,1,2,2,0,0.0
5,0,1,3,0,1,19.92
1,1,0,3,2,0,0.0
0,14,0,4,0,1,9.73
5,8,2,4,0,1,25.85
0,9,2,4,0,4,63.82
4,22,0,2,1,0,0.0
6,19,1,4,0,2,26.45
4,14,1,4,0,0,9.25
1,16,2,3,1,0,0.0
3,23,0,2,1,0,0.0
5,11,1,3,2,0,0.0
1,16,1,3,0,4,63.7
6,0,0,4,1,0,0.0
1,10,1,3,1,0,0.0
0,23,1,3,1,0,0.0
3,7,1,4,1,0,0.0
2,19,2,3,0,2,47.03
5,4,1,4,1,0,0.0
6,4,1,3,1,0,0.0
3,4,1,4,1,0,0.0
2,2,1,4,0,0,6.94
2,4,0,4,2,0,0.0
3,13,0,3,2,0,0.0
1,6,0,2,0,0,10.77
6,19,2,4,0,5,72.1
1,7,1,4,0,1,17.84
5,15,1,2,2,0,0.0
3,22,0,4,1,0,0.0
6,12,0,3,1,0,0.0
1,6,0,2,1,0,0.0
6,0,0,3,1,0,0.0
5,21,0,2,0,0,13.04
3,19,2,3,0,4,79.9
1,13,0,3,3,0,0.0
5,10,1,3,0,2,32.02
0,14,0,3,1,0,0.0
4,17,2,3,0,5,94.18
3,16,1,4,0,3,37.85
3,12,0,3,3,0,0.0
1,13,1,3,0,2,34.01
4,4,1,3,3,0,0.0
0,23,0,4,1,0,0.0
6,18,2,4,0,4,61.0
3,10,0,3,1,0,0.0
3,18,1,4,1,0,0.0
0,8,2,3,0,1,30.04
0,3,0,4,2,0,0.0
0,16,2,4,0,4,60.2
4,12,0,2,1,0,0.0
4,21,0,2,0,0,14.0
6,22,0,2,1,0,0.0
2,23,0,3,1,0,0.0
0,4,0,2,2,0,0.0
6,8,2,2,1,0,0.0
6,15,0,4,4,0,0.0
3,7,2,2,1,0,0.0
3,13,0,3,0,0,4.99
4,8,2,4,0,1,25.09
1,4,1,2,1,0,0.0
0,4,1,2,2,0,0.0
6,19,2,3,0,1,30.67
0,13,0,2,2,0,0.0
2,19,2,4,0,4,61.14
5,18,1,3,0,3,50.47
2,11,0,3,3,0,0.0
6,17,2,2,1,0,0.0
1,3,0,4,2,0,0.0
4,13,0,4,1,0,0.0
4,1,1,2,2,0,0.0
5,16,2,2,0,4,116.39
4,10,1,3,2,0,0.0
1,19,2,4,1,0,0.0
3,5,0,4,2,0,0.0
1,0,0,2,1,0,0.0
5,3,0,4,4,0,0.0
3,13,0,2,1,0,0.0
4,20,0,2,2,0,0.0
1,22,0,3,0,1,13.41
2,16,2,4,0,1,24.1
5,10,0,3,0,0,8.85
1,10,1,3,3,0,0.0
3,1,0,4,3,0,0.0
1,20,1,3,2,0,0.0
3,13,0,4,4,0,0.0
2,18,2,4,0,5,70.19
4,0,1,2,2,0,0.0
2,11,0,2,1,0,0.0
6,0,0,3,1,0,0.0
4,19,1,3,0,3,53.28
5,10,0,4,2,0,0.0
3,2,0,3,2,0,0.0
3,9,2,2,0,2,68.68
0,11,0,2,0,1,24.87
4,0,1,3,1,0,0.0
1,10,1,3,2,0,0.0
6,10,0,2,2,0,0.0
5,4,1,2,0,1,30.08
3,22,0,4,0,1,11.2
0,21,0,4,2,0,0.0
3,1,1,2,2,0,0.0
5,9,2,2,0,2,72.09
2,6,0,2,1,0,0.0
4,10,1,3,0,1,19.95
1,5,0,3,0,2,24.23
4,16,1,2,0,5,119.01
2,8,2,2,0,5,142.85
1,5,0,2,2,0,0.0
2,17,1,3,0,1,27.67
3,21,0,2,1,0,0.0
0,2,0,3,1,0,0.0
5,19,2,4,1,0,0.0
4,11,0,3,1,0,0.0
5,21,0,4,3,0,0.0
4,4,1,2,1,0,0.0
0,14,1,3,3,0,0.0
3,7,1,2,0,3,75.74
3,5,1,4,2,0,0.0
6,10,0,3,0,0,9.39
3,3,0,3,3,0,0.0
6,5,0,3,1,0,0.0
4,3,1,3,0,1,24.55
4,20,0,2,2,0,0.0
3,12,0,4,1,0,0.0
4,7,1,4,1,0,0.0
3,2,0,3,3,0,0.0
6,13,0,4,4,0,0.0
5,7,2,2,0,5,139.06
6,15,1,2,2,0,0.0
3,10,0,4,3,0,0.0
1,9,1,3,0,5,76.41
6,12,0,3,0,0,9.49
1,4,1,4,0,0,7.72
5,4,1,3,2,0,0.0
3,19,2,4,0,2,36.74
5,10,1,3,2,0,0.0
3,22,0,3,0,2,23.79
4,12,0,2,0,1,25.17
4,1,1,2,2,0,0.0
6,11,0,2,0,0,12.19
3,22,0,4,2,0,0.0
5,12,0,3,3,0,0.0
4,6,0,4,3,0,0.0
1,6,0,4,2,0,0.0
6,13,0,2,2,0,0.0
1,4,0,2,2,0,0.0
0,4,0,4,3,0,0.0
1,2,1,2,1,0,0.0
6,14,1,4,3,0,0.0
4,5,1,3,3,0,0.0
4,14,0,3,1,0,0.0
1,13,0,4,4,0,0.0
3,23,1,2,2,0,0.0
2,13,1,4,2,0,0.0
0,1,0,4,2,0,0.0
0,18,2,3,0,2,50.34
5,23,0,4,3,0,0.0
4,2,1,4,0,0,8.63
3,20,1,4,0,2,25.05
5,17,2,4,0,3,47.18
4,0,0,3,3,0,0.0
4,23,0,3,2,0,0.0
6,9,1,3,0,5,77.02
5,9,2,4,0,1,23.13
5,15,0,4,4,0,0.0
0,21,1,3,0,1,22.46
3,2,1,2,0,1,31.66
2,4,0,4,2,0,0.0
6,8,2,2,0,5,144.58
1,18,1,4,1,0,0.0
2,5,1,3,1,0,0.0
3,5,0,4,2,0,0.0
0,4,0,4,3,0,0.0
6,13,0,3,3,0,0.0
5,20,0,2,2,0,0.0
5,11,1,2,1,0,0.0
6,3,0,2,1,0,0.0
3,15,0,3,1,0,0.0
3,21,0,4,3,0,0.0
2,4,0,4,0,1,16.65
6,14,1,3,2,0,0.0
4,21,0,2,2,0,0.0
5,11,1,3,2,0,0.0
2,8,1,3,0,5,79.74
3,14,1,4,1,0,0.0
5,21,0,4,4,0,0.0
2,21,0,4,2,0,0.0
4,0,0,4,0,0,5.6
3,3,0,4,3,0,0.0
2,7,2,4,0,2,38.4
0,0,0,4,0,2,17.93
5,6,1,4,0,2,20.3
0,2,0,4,3,0,0.0
5,20,0,4,0,2,16.73
1,8,2,3,0,4,76.26
2,13,1,4,2,0,0.0
2,5,0,2,0,1,24.3
3,10,0,2,1,0,0.0
1,14,0,2,0,2,37.54
3,5,0,4,0,0,9.6
4,13,1,2,2,0,0.0
0,14,0,4,0,0,6.9
0,2,1,4,2,0,0.0
6,14,0,2,0,2,37.06
5,0,1,2,1,0,0.0
2,4,0,4,3,0,0.0
4,0,1,4,3,0,0.0
3,13,1,3,0,2,34.16
1,0,1,3,3,0,0.0
0,18,2,4,0,3,43.58
3,1,1,4,0,1,16.72
4,10,0,2,1,0,0.0
5,6,1,2,0,1,34.04
5,6,1,3,3,0,0.0
0,20,0,4,3,0,0.0
0,20,1,3,1,0,0.0
1,1,0,2,2,0,0.0
4,7,2,3,0,5,93.04
5,9,2,3,1,0,0.0
0,1,0,3,2,0,0.0
6,23,0,2,0,0,14.79
6,20,1,4,3,0,0.0
5,17,2,2,0,1,48.68
0,23,0,2,2,0,0.0
0,15,0,4,1,0,0.0
5,20,0,2,0,2,36.67
0,9,2,2,0,5,145.27
0,3,0,2,2,0,0.0
6,19,1,2,0,4,102.04
2,23,0,4,2,0,0.0
0,21,1,4,1,0,0.0
2,6,1,2,0,1,32.86
0,3,0,3,3,0,0.0
1,22,1,3,1,0,0.0
3,7,1,4,0,1,20.0
6,20,0,4,1,0,0.0
0,15,0,2,0,0,11.58
0,22,1,4,2,0,0.0
3,22,1,3,1,0,0.0
1,4,0,4,4,0,0.0
3,13,0,2,2,0,0.0
5,1,0,4,3,0,0.0
4,2,0,4,2,0,0.0
3,0,0,4,1,0,0.0
0,16,2,2,0,5,142.3
4,7,2,3,0,3,65.66
0,6,0,2,2,0,0.0
6,15,0,3,1,0,0.0
5,1,1,2,1,0,0.0
2,6,0,3,2,0,0.0
4,14,0,2,2,0,0.0
0,17,1,2,0,4,95.79
4,3,0,2,2,0,0.0
3,18,2,4,1,0,0.0
1,23,0,4,1,0,0.0
6,3,0,3,0,0,8.48
5,13,0,2,0,0,11.54
3,18,1,3,1,0,0.0
1,6,0,4,1,0,0.0
3,11,0,2,2,0,0.0
1,20,0,3,1,0,0.0
2,4,1,2,2,0,0.0
0,8,1,2,1,0,0.0
3,13,0,2,0,1,25.96
4,5,1,4,1,0,0.0
4,17,1,2,1,0,0.0
6,16,1,3,1,0,0.0
6,14,0,3,3,0,0.0
5,7,2,2,1,0,0.0
4,7,1,4,0,4,49.42
0,1,1,3,0,1,23.74
4,12,1,3,0,1,20.65
3,7,2,2,0,4,119.46
1,4,0,3,1,0,0.0
5,2,0,2,2,0,0.0
2,5,0,4,4,0,0.0
5,18,2,2,1,0,0.0
6,4,0,4,1,0,0.0
6,11,0,4,0,2,16.79
0,12,0,4,4,0,0.0
0,9,2,3,0,1,31.11
4,10,0,4,4,0,0.0
5,11,0,2,1,0,0.0
2,14,0,4,2,0,0.0
2,5,1,4,0,2,25.13
5,6,0,2,0,2,39.01
0,20,1,3,1,0,0.0
6,23,0,2,1,0,0.0
2,16,2,4,0,1,22.16
0,11,0,3,3,0,0.0
4,16,2,2,0,4,121.74
4,11,1,4,0,0,10.84
3,2,0,2,0,1,25.83
0,3,0,2,0,2,41.25
1,15,0,2,2,0,0.0
5,0,0,3,1,0,0.0
3,11,0,3,0,1,15.12
1,2,0,2,2,0,0.0
5,10,1,3,2,0,0.0
5,20,0,3,3,0,0.0
3,9,1,4,0,2,26.76
6,8,2,2,0,3,92.44
6,1,0,2,1,0,0.0
3,5,0,4,4,0,0.0
2,5,1,2,2,0,0.0
5,4,0,2,0,0,15.49
2,18,2,2,0,3,97.31
1,6,1,4,0,2,24.26
2,11,0,2,1,0,0.0
4,5,0,4,0,0,6.81
3,15,0,2,1,0,0.0
1,0,1,4,4,0,0.0
2,20,0,4,3,0,0.0
2,18,1,4,1,0,0.0
2,22,1,2,1,0,0.0
0,4,1,4,0,1,14.0
0,12,0,4,3,0,0.0
2,2,0,3,1,0,0.0
4,16,2,2,0,1,52.89
0,17,2,3,0,5,96.26
3,6,0,3,0,2,25.22
2,12,1,2,1,0,0.0
2,12,0,3,2,0,0.0
2,11,0,3,0,0,9.78
5,14,0,4,3,0,0.0
2,5,0,4,3,0,0.0
1,18,1,4,0,2,30.21
2,15,0,4,0,2,19.2
6,12,0,2,1,0,0.0
5,8,1,3,1,0,0.0
5,18,1,2,0,4,95.92
2,17,1,3,0,5,78.94
2,15,1,4,3,0,0.0
1,0,0,2,1,0,0.0
2,20,0,4,0,2,22.51
5,9,1,3,1,0,0.0
5,20,0,2,0,1,27.69
3,2,1,4,2,0,0.0
4,15,0,4,2,0,0.0
5,21,1,3,0,1,24.85
4,23,0,4,2,0,0.0
1,18,1,2,0,4,96.48
5,4,0,3,0,1,14.69
2,13,0,4,0,1,12.25
2,16,1,4,0,2,29.36
6,3,0,4,4,0,0.0
2,10,0,4,2,0,0.0
5,22,0,4,0,2,20.94
4,11,0,2,0,2,34.12
2,11,0,3,2,0,0.0
1,3,0,2,2,0,0.0
1,6,1,4,4,0,0.0
6,17,2,4,0,4,63.06
3,2,0,2,0,1,24.68
2,9,2,4,0,4,59.15
4,16,1,3,0,1,23.98
5,3,0,2,2,0,0.0
1,22,0,2,0,0,9.19
1,2,1,3,0,0,12.48
0,15,0,3,1,0,0.0
0,1,1,4,4,0,0.0
0,15,0,2,0,0,12.65
2,21,0,2,0,2,34.92
1,18,1,2,0,1,36.41
0,4,0,4,4,0,0.0
2,11,1,2,2,0,0.0
4,7,2,4,0,1,23.33
6,18,2,2,0,2,75.34
2,5,0,4,0,0,5.73
4,22,0,3,1,0,0.0
3,21,0,2,1,0,0.0
3,13,1,2,0,1,29.49
0,10,0,2,0,2,37.01
1,15,1,3,2,0,0.0
4,23,0,2,1,0,0.0
3,3,0,3,3,0,0.0
4,23,1,3,3,0,0.0
1,17,2,3,1,0,0.0
1,2,1,3,2,0,0.0
1,0,0,4,0,1,11.95
3,16,2,4,0,1,18.61
1,12,1,3,0,2,32.39
1,2,0,3,2,0,0.0
1,19,1,3,0,4,64.54
5,15,1,3,2,0,0.0
6,20,0,3,3,0,0.0
5,19,2,3,0,2,49.39
6,14,0,2,1,0,0.0
3,15,1,2,0,0,19.95
0,23,0,2,1,0,0.0
5,0,0,2,2,0,0.0
5,10,0,2,2,0,0.0
4,3,1,2,2,0,0.0
6,15,0,3,2,0,0.0
5,15,1,3,2,0,0.0
4,10,1,4,0,0,10.38
3,3,0,3,2,0,0.0
6,12,0,3,0,0,7.8
1,17,2,4,0,4,57.79
3,4,1,3,3,0,0.0
3,3,1,4,3,0,0.0
5,17,2,4,1,0,0.0
3,17,2,2,0,4,125.15
2,15,0,4,4,0,0.0
5,11,0,3,0,0,8.45
4,1,0,2,1,0,0.0
6,23,0,4,2,0,0.0
3,3,0,3,2,0,0.0
3,11,1,2,0,0,16.28
1,20,1,3,0,2,32.45
0,9,2,2,0,1,48.4
4,10,0,2,2,0,0.0
6,13,1,4,3,0,0.0
2,0,0,4,4,0,0.0
0,10,1,3,3,0,0.0
2,18,2,2,0,2,71.71
2,15,1,4,2,0,0.0
1,19,2,3,1,0,0.0
1,15,0,4,4,0,0.0
1,9,1,3,0,5,76.85
3,7,2,4,0,5,70.91
0,18,2,3,0,5,95.93
6,16,2,3,0,3,62.91
6,2,0,4,4,0,0.0
6,9,2,3,0,2,46.57
3,12,1,3,3,0,0.0
5,17,1,2,0,5,117.21
3,6,1,4,3,0,0.0
2,20,1,4,3,0,0.0
4,23,0,4,4,0,0.0
1,11,0,3,1,0,0.0
1,23,0,4,3,0,0.0
3,10,1,2,0,1,31.99
2,9,1,4,0,5,61.51
1,12,0,2,0,0,7.2
0,7,2,3,1,0,0.0
4,13,1,3,0,0,13.02
1,8,1,2,0,3,80.49
5,17,2,2,0,4,115.85
6,0,0,2,1,0,0.0
4,9,2,2,0,1,47.31
3,23,0,2,0,2,36.76
5,16,2,2,0,4,117.18
0,7,1,4,0,3,37.44
6,18,2,4,0,4,57.78
1,4,0,2,0,1,28.5
3,13,1,3,0,1,23.54
4,11,0,4,2,0,0.0
4,13,1,3,1,0,0.0
2,4,0,3,2,0,0.0
6,9,2,2,0,1,50.54
5,21,0,2,2,0,0.0
3,9,2,4,0,1,25.44
4,7,2,3,0,4,77.74
2,9,1,2,0,2,57.45
6,5,1,3,2,0,0.0
6,20,0,3,2,0,0.0
6,2,0,3,3,0,0.0
6,10,0,4,0,0,7.23
5,8,1,4,0,4,46.31
4,23,1,4,2,0,0.0
3,22,0,2,2,0,0.0
5,5,0,4,1,0,0.0
0,12,1,2,1,0,0.0
2,18,1,2,0,2,59.93
4,22,0,4,4,0,0.0
5,13,0,3,3,0,0.0
6,23,0,2,0,2,37.02
4,10,0,3,0,1,15.92
2,5,0,3,1,0,0.0
0,0,1,4,4,0,0.0
5,7,2,2,0,3,97.42
5,5,0,2,2,0,0.0
3,19,1,3,0,3,52.89
1,18,1,2,1,0,0.0
6,14,0,4,0,0,5.53
5,6,0,2,1,0,0.0
5,15,0,3,3,0,0.0
6,6,0,4,2,0,0.0
5,21,0,2,0,1,27.32
6,4,0,2,1,0,0.0
1,19,1,3,0,5,75.84
5,20,0,3,0,1,17.9
1,10,0,4,1,0,0.0
5,12,0,4,4,0,0.0
2,2,1,2,0,0,17.44
2,7,2,3,0,1,31.38
2,16,2,4,0,4,60.65
5,11,1,2,0,2,46.25
1,8,2,2,1,0,0.0
2,14,0,2,1,0,0.0
5,16,1,3,0,1,27.85
2,1,0,2,1,0,0.0
5,11,0,3,2,0,0.0
4,8,2,4,1,0,0.0
1,10,0,4,1,0,0.0
4,21,0,4,0,0,5.88
1,1,0,2,0,1,23.95
2,5,0,4,3,0,0.0
0,15,0,2,1,0,0.0
5,17,2,3,1,0,0.0
0,23,0,2,1,0,0.0
0,6,0,3,1,0,0.0
5,16,2,3,0,5,98.1
0,16,1,4,1,0,0.0
0,7,2,3,0,3,62.59
0,9,2,4,0,4,57.18
2,18,2,2,0,1,44.89
0,14,1,4,3,0,0.0
3,20,1,3,0,1,22.88
0,20,0,4,2,0,0.0
5,23,0,4,1,0,0.0
6,1,0,4,2,0,0.0
6,1,0,4,4,0,0.0
4,12,0,2,1,0,0.0
1,7,1,3,0,2,36.44
1,12,0,3,1,0,0.0
0,9,2,3,0,5,99.51
1,11,0,4,2,0,0.0
4,6,0,3,3,0,0.0
3,8,2,4,1,0,0.0
0,13,1,3,1,0,0.0
3,20,0,3,0,2,20.84
2,14,0,4,1,0,0.0
3,16,2,4,0,3,51.39
3,13,0,2,1,0,0.0
1,4,0,4,1,0,0.0
4,13,1,3,0,2,32.92
0,1,0,4,4,0,0.0
3,13,0,2,2,0,0.0
5,18,2,3,0,5,95.81
0,16,1,2,1,0,0.0
1,5,0,3,0,1,15.58
5,9,2,3,1,0,0.0
6,21,1,3,2,0,0.0
2,5,0,2,0,2,38.3
4,8,1,4,1,0,0.0
4,0,0,2,0,0,12.42
1,20,0,3,3,0,0.0
6,21,1,4,3,0,0.0
2,19,2,4,1,0,0.0
6,9,1,2,0,1,41.21
1,3,1,2,0,0,16.48
1,15,0,4,1,0,0.0
3,20,0,4,0,1,12.8
6,14,0,2,1,0,0.0
0,3,0,2,2,0,0.0
5,14,0,3,0,1,15.94
4,7,2,2,1,0,0.0
0,10,0,2,2,0,0.0
6,22,0,3,3,0,0.0
5,18,2,4,0,1,23.89
3,12,1,3,3,0,0.0
1,22,1,2,0,1,33.12
4,10,0,4,2,0,0.0
5,13,0,3,3,0,0.0
4,20,0,3,3,0,0.0
0,5,1,3,1,0,0.0
3,11,0,3,1,0,0.0
4,21,1,3,3,0,0.0
1,9,2,4,1,0,0.0
3,21,1,4,2,0,0.0
6,15,1,2,0,1,29.08
5,23,1,2,1,0,0.0
1,5,0,2,2,0,0.0
3,3,0,3,2,0,0.0
1,6,0,4,0,1,9.8
2,11,0,4,1,0,0.0
6,16,1,2,0,4,98.99
0,19,1,2,0,4,97.84
2,10,0,3,2,0,0.0
1,22,1,4,0,2,24.01
0,14,0,3,0,2,25.04
4,3,0,4,4,0,0.0
0,5,0,4,1,0,0.0
2,5,0,4,3,0,0.0
6,16,2,3,0,2,48.7
5,11,0,3,0,0,7.25
3,13,0,2,1,0,0.0
2,9,1,4,0,3,37.44
2,22,0,3,1,0,0.0
1,16,1,3,0,4,65.39
3,13,1,3,2,0,0.0
0,14,0,2,2,0,0.0
6,16,1,2,0,3,76.04
3,5,0,3,3,0,0.0
6,1,1,4,1,0,0.0
4,1,1,4,4,0,0.0
2,13,1,3,2,0,0.0
5,23,0,3,0,1,17.48
4,19,2,2,1,0,0.0
3,20,1,2,2,0,0.0
6,19,2,4,0,4,56.59
6,6,0,3,0,2,27.06
2,12,1,4,1,0,0.0
4,17,1,3,0,5,78.95
4,9,2,4,0,1,24.51
0,17,2,4,0,3,49.97
5,13,0,4,0,1,15.83
2,20,0,4,0,0,8.28
6,20,0,2,1,0,0.0
4,23,0,2,1,0,0.0
1,23,1,4,4,0,0.0
6,19,2,2,0,3,92.32
5,22,1,4,1,0,0.0
5,12,1,4,1,0,0.0
0,10,1,4,1,0,0.0
6,11,0,3,1,0,0.0
5,13,0,3,0,0,5.77
3,4,0,3,3,0,0.0
0,11,1,4,3,0,0.0
4,17,2,4,0,5,70.75
3,20,0,3,3,0,0.0
5,13,0,2,2,0,0.0
1,15,0,4,1,0,0.0
5,16,1,4,0,4,48.8
3,1,0,4,4,0,0.0
2,3,0,4,0,0,7.29
2,18,1,3,0,1,24.55
2,9,2,3,0,4,80.37
0,4,1,2,1,0,0.0
0,9,1,3,0,4,63.49
0,3,0,4,0,0,5.03
3,15,0,4,4,0,0.0
3,10,0,3,1,0,0.0
6,4,1,4,3,0,0.0
6,14,0,4,1,0,0.0
6,23,0,3,3,0,0.0
3,7,2,3,0,4,77.19
5,8,1,4,0,1,17.65
4,20,0,4,4,0,0.0
5,3,1,4,0,0,5.42
4,17,1,4,0,4,46.8
4,0,1,2,2,0,0.0
1,0,0,3,1,0,0.0
6,22,0,4,0,2,20.86
4,10,1,3,0,1,19.77
6,0,0,3,1,0,0.0
3,0,0,4,3,0,0.0
2,2,0,2,2,0,0.0
1,9,1,2,0,1,44.26
1,9,2,3,0,1,32.99
4,10,0,2,2,0,0.0
0,9,1,3,0,2,39.37
3,10,0,3,0,0,6.62
1,7,2,4,0,4,61.4
4,16,1,3,0,1,24.85
2,14,0,4,0,1,12.74
0,13,0,4,0,1,17.62
4,18,1,4,0,5,58.31
5,4,1,3,3,0,0.0
3,2,1,4,1,0,0.0
6,4,1,3,1,0,0.0
6,7,2,4,1,0,0.0
0,0,1,3,2,0,0.0
5,5,0,2,1,0,0.0
2,19,2,3,1,0,0.0
2,20,1,2,2,0,0.0
2,1,1,2,2,0,0.0
4,2,0,3,3,0,0.0
5,3,1,2,2,0,0.0
2,13,1,2,2,0,0.0
6,10,0,4,2,0,0.0
6,22,0,3,1,0,0.0
5,10,0,3,3,0,0.0
4,10,1,2,0,2,51.05
0,19,1,3,0,2,37.59
3,17,2,4,1,0,0.0
6,12,0,4,0,2,18.68
0,21,1,3,0,1,25.21
6,12,0,4,3,0,0.0
1,22,0,2,1,0,0.0
2,6,0,3,1,0,0.0
5,0,1,3,2,0,0.0
1,2,1,4,2,0,0.0
6,22,0,2,1,0,0.0
2,1,0,3,1,0,0.0
0,6,0,4,0,1,11.25
4,16,1,3,0,5,81.62
5,21,1,4,1,0,0.0
0,18,2,2,0,2,73.42
2,18,2,2,0,2,70.88
6,21,1,2,2,0,0.0
4,19,2,3,1,0,0.0
0,13,1,4,0,1,17.51
3,13,0,3,3,0,0.0
3,11,0,4,1,0,0.0
0,8,2,3,1,0,0.0
2,0,0,3,2,0,0.0
0,18,2,2,0,4,121.95
0,7,1,2,0,3,79.24
0,20,0,4,0,1,9.36
3,0,1,4,2,0,0.0
6,8,1,2,1,0,0.0
1,10,0,2,2,0,0.0
6,7,2,2,1,0,0.0
6,3,0,4,4,0,0.0
0,2,0,2,1,0,0.0
2,22,0,2,0,1,23.55
0,9,2,4,1,0,0.0
0,3,0,4,4,0,0.0
0,9,2,3,0,5,95.5
6,13,1,2,2,0,0.0
4,0,0,3,3,0,0.0
6,13,1,4,0,1,16.1
5,21,0,2,2,0,0.0
2,18,1,2,0,1,40.24
4,22,1,2,0,2,49.11
1,20,0,4,2,0,0.0
3,15,1,4,3,0,0.0
1,7,1,2,0,2,55.83
2,18,2,3,0,3,64.76
4,17,1,2,1,0,0.0
2,19,2,3,0,1,33.22
4,18,2,4,0,1,25.12
1,16,1,4,1,0,0.0
2,6,1,2,0,0,18.41
2,6,0,4,3,0,0.0
4,22,1,3,2,0,0.0
4,9,2,3,0,1,33.67
3,1,0,3,0,2,25.92
1,22,0,2,2,0,0.0
1,7,2,3,0,4,79.86
1,12,0,2,1,0,0.0
0,2,0,3,0,0,5.01
2,14,1,2,2,0,0.0
6,11,0,2,0,0,13.36
2,5,0,2,2,0,0.0
1,10,0,4,1,0,0.0
1,0,0,2,0,0,12.92
6,21,0,2,2,0,0.0
6,3,0,3,2,0,0.0
3,7,2,3,0,5,96.54
6,19,2,3,0,1,29.45
1,4,0,2,2,0,0.0
3,22,0,3,3,0,0.0
5,7,2,2,0,5,141.84
2,4,0,3,0,2,27.11
6,8,2,2,1,0,0.0
1,23,0,2,2,0,0.0
4,2,1,2,1,0,0.0
6,20,0,4,3,0,0.0
4,14,0,2,2,0,0.0
2,16,2,4,1,0,0.0
3,8,2,4,0,2,35.92
1,6,0,3,3,0,0.0
1,9,2,3,0,3,65.36
2,17,1,2,0,3,78.06
3,16,1,3,0,4,65.06
4,19,2,3,1,0,0.0
3,13,0,3,3,0,0.0
2,8,1,3,0,4,66.88
1,8,1,4,0,1,18.47
2,16,2,4,0,3,48.19
1,3,0,2,1,0,0.0
0,17,2,2,0,3,95.08
2,9,2,4,0,2,35.13
5,19,2,2,0,1,47.38
6,9,2,3,1,0,0.0
3,18,1,4,1,0,0.0
5,16,2,2,0,2,72.44
5,23,0,2,0,2,36.54
4,17,2,3,1,0,0.0
2,2,0,3,3,0,0.0
6,22,0,3,3,0,0.0
3,17,2,2,0,5,146.51
6,4,1,3,0,1,19.88
6,21,0,3,1,0,0.0
3,13,0,4,4,0,0.0
2,10,0,4,4,0,0.0
6,1,0,2,1,0,0.0
4,20,1,4,4,0,0.0
6,12,0,3,3,0,0.0
0,17,1,3,1,0,0.0
0,10,0,4,2,0,0.0
0,5,1,2,2,0,0.0
1,1,1,4,3,0,0.0
0,5,0,2,1,0,0.0
2,6,0,2,2,0,0.0
4,2,0,3,2,0,0.0
4,0,0,2,1,0,0.0
3,5,0,2,2,0,0.0
3,15,0,4,3,0,0.0
6,6,0,2,1,0,0.0
3,22,0,4,1,0,0.0
4,18,2,3,0,5,95.63
5,21,0,3,1,0,0.0
0,4,0,3,3,0,0.0
4,7,2,4,1,0,0.0
3,14,0,4,0,1,11.62
5,14,1,3,2,0,0.0
3,19,2,2,0,2,74.89
4,23,0,3,3,0,0.0
5,5,1,4,0,1,16.64
5,1,0,2,1,0,0.0
5,17,2,3,0,2,50.06
3,13,0,4,2,0,0.0
0,3,0,4,3,0,0.0
3,5,0,3,0,1,13.7
0,2,1,4,3,0,0.0
3,10,0,4,1,0,0.0
3,1,0,2,0,2,38.03
1,10,1,4,3,0,0.0
3,14,0,2,2,0,0.0
5,7,2,4,0,4,61.78
6,8,1,2,0,5,117.16
0,5,0,3,3,0,0.0
1,2,0,4,2,0,0.0
1,14,0,3,1,0,0.0
5,1,1,4,1,0,0.0
3,22,1,2,2,0,0.0
5,21,1,4,0,1,18.38
5,9,1,3,0,1,24.97
6,12,0,2,1,0,0.0
1,6,0,2,1,0,0.0
0,0,0,3,0,0,11.15
0,21,1,2,0,0,20.85
3,16,2,2,0,5,143.27
5,6,0,4,4,0,0.0
3,13,0,2,0,0,11.61
2,10,0,2,1,0,0.0
5,10,0,2,0,1,27.91
1,2,0,4,4,0,0.0
2,1,0,2,1,0,0.0
2,19,1,3,0,3,55.16
0,19,2,3,1,0,0.0
5,22,0,2,0,2,36.45
6,22,1,3,3,0,0.0
0,10,1,2,2,0,0.0
3,12,1,4,1,0,0.0
4,18,1,4,0,1,18.66
4,3,0,3,3,0,0.0
6,7,1,4,0,2,28.69
2,15,0,3,1,0,0.0
3,6,0,4,1,0,0.0
5,19,2,3,0,2,45.31
2,10,0,4,4,0,0.0
6,13,0,4,0,0,4.41
6,23,0,3,1,0,0.0
1,17,2,2,0,2,69.99
4,12,0,4,1,0,0.0
3,20,0,2,1,0,0.0
0,6,1,2,0,0,14.71
1,2,1,2,2,0,0.0
6,6,1,2,0,1,32.43
5,14,0,3,1,0,0.0
1,13,1,2,0,1,32.97
2,18,2,3,0,3,67.1
6,15,0,2,1,0,0.0
3,5,0,3,3,0,0.0
4,19,2,4,0,4,58.0
0,12,0,3,2,0,0.0
4,17,2,2,0,3,97.97
3,14,0,3,2,0,0.0
3,17,2,4,0,3,47.57
1,22,0,3,1,0,0.0
1,0,1,2,2,0,0.0
5,11,0,3,3,0,0.0
3,23,0,3,3,0,0.0
2,20,0,4,3,0,0.0
0,3,1,3,1,0,0.0
1,13,1,3,2,0,0.0
4,22,1,3,2,0,0.0
5,1,0,4,3,0,0.0
5,7,2,2,0,3,95.9
5,22,0,4,1,0,0.0
2,19,2,3,0,3,65.35
1,19,2,4,0,1,21.75
0,2,1,4,3,0,0.0
3,22,0,4,4,0,0.0
1,13,0,2,1,0,0.0
5,9,2,4,1,0,0.0
4,9,2,4,0,1,24.76
5,18,1,3,0,2,39.33
5,12,0,4,0,0,7.23
6,15,0,2,0,2,38.08
3,16,2,3,0,4,84.91
1,5,0,3,1,0,0.0
1,15,1,2,0,1,31.22
4,6,0,2,0,2,36.44
1,6,0,3,3,0,0.0
5,19,2,2,0,1,46.75
2,2,0,3,2,0,0.0
0,10,1,2,0,1,31.39
3,21,0,2,0,1,23.73
6,0,1,4,0,0,10.5
1,16,2,2,0,4,122.84
3,10,0,4,2,0,0.0
2,21,0,3,1,0,0.0
2,21,0,3,0,1,15.53
6,10,0,2,1,0,0.0
6,22,1,3,1,0,0.0
0,19,2,2,0,2,70.34
2,14,1,4,3,0,0.0
4,13,0,4,0,2,19.69
6,10,1,2,1,0,0.0
6,1,0,4,3,0,0.0
1,19,2,3,0,3,62.9
3,15,1,4,0,2,25.64
3,9,1,4,0,5,58.91
4,22,0,4,1,0,0.0
3,2,1,3,3,0,0.0
1,14,0,2,2,0,0.0
4,7,1,2,0,1,35.97
0,13,0,4,1,0,0.0
2,12,0,3,2,0,0.0
5,15,0,4,1,0,0.0
4,20,0,4,0,2,21.85
2,7,2,4,0,3,51.59
3,22,1,4,3,0,0.0
5,20,0,4,1,0,0.0
1,8,2,2,0,1,46.77
0,10,1,4,1,0,0.0
5,3,0,4,1,0,0.0
6,10,1,3,0,1,20.89
0,18,1,4,1,0,0.0
3,10,1,3,1,0,0.0
4,21,1,4,1,0,0.0
0,12,1,2,1,0,0.0
2,4,0,3,3,0,0.0
5,14,1,2,1,0,0.0
1,23,1,4,0,2,24.95
2,9,2,4,0,3,48.67
6,22,0,4,1,0,0.0
3,9,2,4,0,3,49.32
1,22,1,2,0,2,52.77
5,1,0,2,2,0,0.0
3,9,1,4,0,5,58.15
3,10,1,3,3,0,0.0
2,12,0,3,2,0,0.0
2,22,1,2,2,0,0.0
3,3,0,2,2,0,0.0
6,1,0,4,3,0,0.0
5,5,0,4,3,0,0.0
5,15,0,3,1,0,0.0
1,23,1,2,2,0,0.0
0,11,1,4,0,2,22.78
6,4,0,3,1,0,0.0
0,3,0,3,1,0,0.0
0,3,1,4,2,0,0.0
4,13,1,2,2,0,0.0
3,7,1,2,0,4,94.74
3,9,2,4,0,4,58.54
6,22,1,4,0,1,16.18
6,20,0,3,3,0,0.0
2,0,0,2,0,0,16.09
3,20,1,4,1,0,0.0
0,18,2,4,1,0,0.0
2,22,0,4,4,0,0.0
1,12,1,3,3,0,0.0
2,18,1,2,0,1,37.96
5,17,2,2,0,4,120.45
4,17,2,4,0,5,71.97
6,18,2,4,0,2,38.38
5,3,1,2,2,0,0.0
1,0,0,4,2,0,0.0
0,1,1,2,0,2,53.8
1,2,0,4,0,0,5.19
0,16,2,3,0,4,79.02
5,0,0,2,0,2,39.59
6,9,2,4,1,0,0.0
1,18,2,3,0,5,97.36
2,19,2,4,0,1,27.69
5,1,0,2,0,0,13.67
2,6,1,2,2,0,0.0
1,18,2,3,0,5,95.28
3,2,0,4,2,0,0.0
3,20,0,2,1,0,0.0
0,8,2,4,0,5,73.18
1,2,1,4,2,0,0.0
5,22,0,4,2,0,0.0
4,21,1,4,4,0,0.0
1,13,0,2,1,0,0.0
3,0,0,4,0,1,14.72
0,17,2,2,1,0,0.0
0,10,0,4,2,0,0.0
2,8,1,2,0,1,40.64
0,12,0,2,0,0,13.51
1,16,2,4,1,0,0.0
0,16,2,3,0,5,98.13
2,19,1,2,0,3,80.34
6,12,0,2,2,0,0.0
5,17,2,4,1,0,0.0
3,18,2,2,0,5,146.76
5,4,0,4,1,0,0.0
3,18,2,4,0,3,49.3
5,7,2,4,1,0,0.0
5,14,0,2,1,0,0.0
6,14,0,4,2,0,0.0
3,16,1,4,0,1,19.17
2,13,0,3,0,0,8.63
5,7,1,2,0,1,41.41
5,9,2,4,0,4,58.37
5,16,1,4,1,0,0.0
3,16,2,4,0,4,60.74
0,19,2,2,0,4,119.21
5,17,2,4,0,5,72.06
5,19,2,2,1,0,0.0
1,21,0,4,1,0,0.0
0,11,1,2,1,0,0.0
0,13,0,3,1,0,0.0
2,3,1,3,1,0,0.0
6,17,2,2,0,4,122.56
2,8,1,2,1,0,0.0
1,9,2,4,0,4,60.38
4,15,0,2,0,2,37.59
3,10,0,3,0,0,5.61
2,23,0,2,1,0,0.0
0,3,0,3,1,0,0.0
0,16,1,4,1,0,0.0
0,15,0,2,2,0,0.0
2,7,2,3,0,3,65.49
2,13,1,2,1,0,0.0
0,14,0,4,1,0,0.0
1,11,0,4,0,1,13.79
6,22,0,2,0,1,29.33
0,4,0,3,2,0,0.0
0,5,0,4,3,0,0.0
5,8,2,2,1,0,0.0
4,15,1,4,1,0,0.0
2,12,1,4,3,0,0.0
1,3,0,2,0,0,11.88
2,16,2,2,0,1,48.44
5,10,1,3,0,1,22.17
3,9,2,3,0,4,83.15
1,19,2,2,0,2,71.81
2,3,1,3,1,0,0.0
5,13,0,2,2,0,0.0
6,3,1,4,4,0,0.0
4,5,1,2,2,0,0.0
5,4,0,2,0,1,25.56
0,8,1,2,1,0,0.0
0,19,1,2,0,4,98.72
3,16,2,3,0,2,48.37
2,13,0,3,3,0,0.0
5,1,0,3,2,0,0.0
2,8,2,3,1,0,0.0
1,10,0,2,0,0,11.61
0,21,0,4,1,0,0.0
2,15,1,3,0,1,22.05
1,8,2,3,0,3,66.15
0,3,0,4,4,0,0.0
6,4,0,3,2,0,0.0
5,18,2,4,0,2,33.95
5,8,2,2,1,0,0.0
0,3,1,2,2,0,0.0
4,3,1,2,2,0,0.0
6,6,1,2,1,0,0.0
0,2,1,4,2,0,0.0
2,23,0,3,1,0,0.0
0,4,0,2,2,0,0.0
5,8,2,4,0,4,60.27
5,22,0,2,0,1,23.6
3,16,1,4,0,5,60.89
2,22,0,2,0,2,34.45
0,22,1,2,1,0,0.0
3,21,1,4,0,0,7.01
3,16,2,3,1,0,0.0
3,19,1,3,0,1,26.75
1,18,2,2,0,5,147.13
3,16,2,4,0,3,47.87
6,7,2,3,0,5,94.89
0,5,0,2,2,0,0.0
1,9,2,2,0,3,99.76
1,8,2,2,0,2,69.1
4,3,1,2,1,0,0.0
5,19,2,3,0,5,91.6
2,23,0,2,2,0,0.0
2,10,1,2,0,1,33.38
1,23,0,3,2,0,0.0
0,17,2,4,0,4,59.0
5,8,2,4,0,4,57.96
1,10,0,3,3,0,0.0
1,14,1,2,2,0,0.0
3,11,0,2,0,1,26.42
1,14,0,2,0,2,37.99
3,23,1,2,1,0,0.0
0,9,1,2,1,0,0.0
5,19,1,2,0,1,37.87
3,7,2,3,1,0,0.0
0,23,0,4,0,2,16.19
0,12,0,3,0,0,10.08
6,20,0,2,0,0,13.8
2,4,1,4,0,0,7.93
6,3,1,4,2,0,0.0
6,22,0,2,0,1,28.69
6,18,1,3,0,3,49.86
3,4,0,2,2,0,0.0
5,8,2,4,0,1,20.95
6,1,1,2,1,0,0.0
0,16,1,3,0,2,37.62
0,7,2,3,0,3,63.91
5,9,2,2,1,0,0.0
5,22,0,2,0,0,12.99
1,3,0,3,0,2,24.52
2,3,0,3,0,2,25.7
1,5,1,3,2,0,0.0
4,5,0,4,1,0,0.0
5,21,1,3,2,0,0.0
2,3,0,3,2,0,0.0
2,22,0,2,0,2,35.0
1,10,0,2,1,0,0.0
5,15,0,2,2,0,0.0
3,23,0,3,0,1,19.55
1,5,0,3,2,0,0.0
3,13,1,3,3,0,0.0
4,20,0,3,1,0,0.0
3,13,0,4,4,0,0.0
4,15,1,4,1,0,0.0
3,2,1,4,3,0,0.0
4,18,2,4,0,1,23.84
1,11,0,2,0,1,27.23
4,15,0,2,0,1,25.69
2,4,0,3,1,0,0.0
6,17,1,3,0,2,39.91
0,23,0,2,2,0,0.0
5,4,1,3,0,2,33.64
3,11,1,2,0,2,49.65
4,2,1,3,1,0,0.0
0,4,0,3,0,0,9.62
0,0,0,4,1,0,0.0
6,5,1,3,1,0,0.0
5,16,2,4,1,0,0.0
3,23,0,3,0,1,19.32
0,4,1,2,0,2,49.14
6,5,0,4,0,1,13.92
6,13,0,4,4,0,0.0
5,8,2,4,0,2,35.82
3,5,0,3,3,0,0.0
1,23,0,2,2,0,0.0
0,7,1,3,0,4,67.88
3,10,1,4,3,0,0.0
6,12,0,2,1,0,0.0
5,13,0,2,0,0,11.15
0,11,0,4,0,0,9.85
2,5,0,4,0,0,6.17
4,0,0,3,1,0,0.0
5,1,0,2,0,2,34.64
4,1,0,4,0,0,6.51
2,2,0,3,2,0,0.0
6,9,2,3,0,3,62.64
6,12,0,4,1,0,0.0
5,21,0,2,1,0,0.0
5,16,2,2,0,1,49.68
4,12,1,3,0,1,20.36
1,4,0,4,0,2,17.86
0,22,0,2,2,0,0.0
5,4,0,4,4,0,0.0
4,23,1,4,4,0,0.0
6,10,0,3,2,0,0.0
2,11,0,4,0,2,14.97
6,21,0,3,1,0,0.0
4,19,1,2,1,0,0.0
0,0,0,2,2,0,0.0
6,2,0,3,3,0,0.0
2,5,0,3,0,1,15.76
4,11,0,3,0,0,3.49
5,14,0,3,2,0,0.0
6,14,0,4,0,2,15.58
3,1,0,3,3,0,0.0
3,19,1,4,1,0,0.0
2,16,2,4,0,1,25.52
5,13,0,4,2,0,0.0
5,1,1,4,0,2,25.95
6,7,2,4,0,2,36.85
6,3,0,3,1,0,0.0
4,12,0,2,1,0,0.0
6,14,0,4,2,0,0.0
3,14,1,4,3,0,0.0
0,2,1,2,0,1,30.57
6,13,0,2,1,0,0.0
0,10,1,3,3,0,0.0
1,22,0,4,0,1,12.4
3,1,0,4,3,0,0.0
1,20,0,2,2,0,0.0
0,19,1,3,0,4,64.99
3,6,0,2,0,2,35.18
3,8,2,3,0,1,35.01
1,2,0,3,0,1,18.42
6,22,0,3,1,0,0.0
5,8,1,2,0,4,97.06
2,9,1,2,0,4,97.55
3,15,1,4,1,0,0.0
5,13,1,3,3,0,0.0
6,0,1,4,1,0,0.0
0,23,1,4,4,0,0.0
1,10,1,4,2,0,0.0
0,4,0,3,3,0,0.0
6,10,1,2,1,0,0.0
2,16,1,4,1,0,0.0
6,4,0,4,4,0,0.0
0,1,1,2,0,1,32.92
5,17,2,2,1,0,0.0
1,11,0,2,2,0,0.0
4,0,0,3,0,1,12.58
2,16,2,2,1,0,0.0
5,14,0,3,2,0,0.0
2,17,2,3,0,1,31.51
1,14,0,3,1,0,0.0
4,19,2,2,1,0,0.0
3,9,2,4,1,0,0.0
5,9,2,4,0,1,22.64
6,3,1,2,0,2,46.75
3,3,1,3,0,2,31.94
3,16,1,4,0,4,52.35
1,7,2,3,1,0,0.0
0,6,0,3,2,0,0.0
6,14,1,3,3,0,0.0
0,11,1,2,1,0,0.0
2,21,0,3,3,0,0.0
5,7,2,2,0,1,49.28
0,4,1,3,2,0,0.0
2,5,0,4,1,0,0.0
4,12,1,2,2,0,0.0
3,1,0,4,1,0,0.0
5,12,0,4,3,0,0.0
2,16,2,2,0,1,46.86
5,4,0,4,4,0,0.0
6,12,0,4,4,0,0.0
1,10,0,2,0,0,13.65
3,0,1,4,1,0,0.0
0,19,2,4,0,5,74.8
3,0,1,4,1,0,0.0
3,20,0,4,1,0,0.0
1,20,0,2,0,2,39.35
6,7,2,4,0,1,24.12
2,2,1,2,0,2,47.46
4,3,0,2,2,0,0.0
0,3,0,2,1,0,0.0
1,2,0,2,1,0,0.0
6,6,0,3,3,0,0.0
6,0,0,3,3,0,0.0
5,2,1,2,1,0,0.0
3,10,0,4,1,0,0.0
1,9,1,2,0,1,40.4
2,11,1,3,0,0,11.62
4,23,0,3,1,0,0.0
4,0,0,4,4,0,0.0
4,4,0,2,0,0,14.29
0,10,0,2,0,2,38.77
5,4,0,3,3,0,0.0
1,2,1,3,2,0,0.0
3,23,0,3,3,0,0.0
1,8,1,2,0,4,99.6
0,18,2,4,0,2,34.93
5,15,0,3,3,0,0.0
4,23,0,3,0,2,27.63
3,13,1,2,1,0,0.0
2,20,0,2,0,0,12.9
4,8,2,4,0,5,76.15
6,20,0,4,3,0,0.0
0,3,0,2,1,0,0.0
6,5,0,3,0,0,6.95
5,11,0,3,2,0,0.0
0,0,1,3,0,2,35.97
2,6,1,3,2,0,0.0
1,17,2,2,0,5,144.4
1,16,1,2,0,5,115.7
6,21,1,2,2,0,0.0
3,21,0,3,2,0,0.0
1,6,0,2,1,0,0.0
0,8,1,3,0,4,64.03
1,19,2,3,1,0,0.0
1,18,2,2,0,5,143.36
0,14,0,3,3,0,0.0
0,17,1,4,0,1,20.35
0,15,0,2,2,0,0.0
2,8,2,3,1,0,0.0
0,17,2,3,0,4,81.05
2,22,0,3,0,1,15.52
4,3,0,2,0,0,12.45
1,3,1,3,3,0,0.0
1,5,0,2,2,0,0.0
6,11,0,4,0,1,16.78
6,1,0,2,1,0,0.0
0,8,2,3,1,0,0.0
2,22,0,2,2,0,0.0
3,3,0,2,0,2,40.96
6,13,0,4,0,2,19.62
4,7,2,4,1,0,0.0
2,10,0,4,1,0,0.0
0,8,2,3,0,3,64.08
4,7,2,4,0,1,24.24
0,15,0,2,0,2,38.73
1,14,0,3,3,0,0.0
0,10,1,2,2,0,0.0
4,10,1,3,3,0,0.0
5,4,0,4,1,0,0.0
1,11,0,3,1,0,0.0
6,12,0,2,1,0,0.0
3,5,0,4,4,0,0.0
5,3,0,2,0,2,35.45
0,7,2,2,0,3,95.49
0,15,1,4,3,0,0.0
2,8,2,2,0,3,92.66
3,6,0,2,2,0,0.0
3,16,1,3,1,0,0.0
2,11,0,2,2,0,0.0
3,23,0,3,2,0,0.0
1,12,1,2,1,0,0.0
4,19,2,3,1,0,0.0
0,21,1,2,0,0,17.05
1,3,0,2,2,0,0.0
2,7,2,2,0,3,97.29
1,19,2,4,1,0,0.0
3,12,0,2,2,0,0.0
6,22,0,3,1,0,0.0
1,6,1,3,2,0,0.0
5,19,2,3,0,1,31.03
1,16,2,4,1,0,0.0
5,9,1,4,0,3,42.15
5,2,0,2,1,0,0.0
3,4,1,2,1,0,0.0
3,10,0,2,1,0,0.0
0,5,0,4,4,0,0.0
2,15,0,4,3,0,0.0
6,7,1,3,0,1,23.55
4,21,0,3,1,0,0.0
6,4,0,2,1,0,0.0
6,23,0,3,3,0,0.0
5,11,0,4,3,0,0.0
2,11,0,3,2,0,0.0
2,22,1,3,3,0,0.0
0,8,2,4,0,2,33.07
3,7,1,4,0,4,49.2
0,7,2,4,1,0,0.0
2,6,0,4,1,0,0.0
3,20,0,2,2,0,0.0
5,17,2,3,0,3,66.09
5,11,0,3,3,0,0.0
2,9,1,2,0,5,120.37
0,13,1,3,2,0,0.0
2,3,0,2,2,0,0.0
1,14,0,4,4,0,0.0
2,19,2,4,0,3,47.08
3,9,2,2,0,4,122.16
0,6,1,3,0,0,10.76
3,9,2,2,0,1,47.65
0,8,2,2,0,5,145.77
5,17,1,2,0,2,59.8
5,6,1,3,0,1,18.51
1,1,0,3,1,0,0.0
6,21,0,4,3,0,0.0
3,3,0,3,2,0,0.0
1,18,2,3,0,5,98.95
1,21,0,2,0,1,27.76
4,6,0,3,0,1,15.42
4,20,1,3,1,0,0.0
3,13,0,2,2,0,0.0
3,22,1,3,2,0,0.0
3,11,0,3,3,0,0.0
3,14,1,2,0,1,33.29
0,4,0,4,1,0,0.0
4,16,1,3,0,1,26.99
6,12,0,2,2,0,0.0
0,14,0,4,0,0,6.77
0,8,1,4,0,5,57.4
0,9,2,4,0,1,22.66
0,23,1,4,4,0,0.0
5,22,1,2,0,2,48.7
1,17,2,4,0,2,38.35
5,20,0,2,2,0,0.0
2,23,0,2,2,0,0.0
5,6,0,2,0,0,13.59
4,3,0,4,1,0,0.0
1,3,0,3,3,0,0.0
3,1,0,2,1,0,0.0
3,5,1,2,1,0,0.0
6,19,2,4,0,4,59.26
1,20,0,2,0,2,39.04
5,7,2,2,0,4,114.3
3,9,2,3,0,5,98.3
3,11,0,4,3,0,0.0
3,22,0,2,1,0,0.0
6,13,0,2,1,0,0.0
3,3,0,4,0,2,15.27
2,1,1,4,4,0,0.0
3,1,0,3,3,0,0.0
5,14,0,3,1,0,0.0
2,16,1,4,0,5,57.78
3,16,1,2,0,3,75.76
5,23,0,4,3,0,0.0
5,4,1,3,2,0,0.0
3,2,0,4,3,0,0.0
3,19,1,4,0,2,26.66
5,10,1,4,2,0,0.0
4,19,1,3,0,1,28.32
6,23,0,2,0,2,36.56
0,15,0,4,2,0,0.0
6,7,1,4,0,2,29.94
5,12,0,3,0,2,24.91
2,3,1,2,0,1,33.45
6,11,1,4,0,0,8.28
2,3,0,4,3,0,0.0
1,20,1,4,1,0,0.0
1,8,2,3,0,2,45.43
1,23,0,2,2,0,0.0
6,6,1,2,0,2,50.74
5,3,0,2,0,0,11.51
2,13,1,4,0,1,13.14
1,21,1,4,4,0,0.0
3,6,1,2,1,0,0.0
4,11,1,3,1,0,0.0
6,2,0,3,3,0,0.0
6,2,0,4,1,0,0.0
6,16,1,3,0,4,64.14
1,1,1,4,2,0,0.0
0,7,2,3,1,0,0.0
5,11,0,2,1,0,0.0
0,17,1,4,0,4,51.75
4,1,1,4,0,2,26.08
3,8,1,4,0,3,38.3
3,8,2,2,0,2,71.3
1,17,2,4,0,2,35.36
3,2,1,4,0,1,20.4
0,13,1,4,4,0,0.0
0,17,1,3,0,1,26.76
0,1,1,3,1,0,0.0
5,11,0,3,2,0,0.0
6,7,1,2,0,2,59.36
4,19,2,3,0,5,98.06
3,1,0,3,1,0,0.0
3,22,1,3,1,0,0.0
0,14,1,2,1,0,0.0
2,6,0,3,0,0,8.81
1,2,0,4,1,0,0.0
3,23,1,4,0,0,7.61
6,23,0,2,0,0,12.11
1,14,0,2,0,1,24.86
2,19,1,4,0,2,29.18
4,12,1,3,0,2,33.96
0,2,1,3,1,0,0.0
3,22,0,4,1,0,0.0
3,22,0,3,2,0,0.0
6,20,1,2,1,0,0.0
2,22,1,4,0,0,8.23
2,13,1,4,3,0,0.0
2,2,0,2,2,0,0.0
1,9,2,4,0,1,25.47
2,23,0,2,0,2,37.34
3,20,0,3,0,1,16.82
6,1,0,3,3,0,0.0
2,2,0,2,2,0,0.0
3,15,0,2,1,0,0.0
3,1,0,2,1,0,0.0
1,21,1,3,0,2,28.5
2,1,0,4,0,2,20.58
6,10,1,3,1,0,0.0
6,0,1,3,3,0,0.0
6,13,1,4,0,0,8.82
4,12,1,4,2,0,0.0
6,17,2,3,0,2,50.0
3,14,0,4,1,0,0.0
0,8,2,4,0,2,30.21
6,17,2,3,1,0,0.0
0,19,2,3,0,3,68.18
6,20,0,4,0,1,12.22
4,21,0,3,1,0,0.0
3,14,0,2,0,1,27.22
0,11,1,3,1,0,0.0
3,1,0,4,2,0,0.0
4,17,1,3,1,0,0.0
1,8,2,3,1,0,0.0
1,7,1,4,0,5,56.42
5,1,0,2,2,0,0.0
0,5,1,4,3,0,0.0
4,10,1,2,2,0,0.0
1,1,0,4,2,0,0.0
0,21,1,3,0,2,33.73
1,11,0,2,2,0,0.0
3,3,0,4,1,0,0.0
1,10,0,4,3,0,0.0
0,20,0,3,1,0,0.0
0,10,0,4,2,0,0.0
3,20,0,3,2,0,0.0
4,0,0,2,0,1,22.89
1,18,1,2,0,3,76.75
4,22,1,4,4,0,0.0
5,11,0,2,2,0,0.0
0,21,0,4,3,0,0.0
6,20,0,2,0,2,41.33
4,18,2,4,1,0,0.0
4,23,1,2,0,2,48.37
3,21,1,4,3,0,0.0
2,8,2,2,0,2,72.43
2,7,1,3,1,0,0.0
2,23,1,2,0,1,34.24
5,13,0,3,2,0,0.0
4,16,2,2,1,0,0.0
4,7,2,3,0,5,96.99
6,4,0,4,3,0,0.0
5,18,1,4,0,3,39.3
2,10,0,2,1,0,0.0
3,16,2,2,1,0,0.0
5,6,0,2,0,0,13.23
0,13,1,3,3,0,0.0
5,3,0,2,1,0,0.0
0,22,0,2,0,2,42.31
6,16,2,3,0,2,47.88
3,22,0,4,2,0,0.0
0,10,1,3,0,2,32.9
0,2,0,4,3,0,0.0
3,20,1,3,3,0,0.0
2,15,0,4,1,0,0.0
5,18,1,4,0,1,21.6
4,18,2,3,1,0,0.0
3,10,0,3,2,0,0.0
6,3,0,2,1,0,0.0
2,1,1,4,4,0,0.0
4,16,2,3,0,4,82.21
2,5,0,2,2,0,0.0
5,6,1,3,2,0,0.0
4,19,1,3,0,3,54.37
1,3,0,3,3,0,0.0
3,7,2,2,0,5,145.28
6,3,1,2,1,0,0.0
1,3,1,2,2,0,0.0
6,5,1,2,0,2,46.46
4,6,0,2,0,1,28.27
1,9,2,4,1,0,0.0
4,4,0,3,0,2,22.71
5,3,0,3,3,0,0.0
2,2,0,2,2,0,0.0
5,3,0,3,1,0,0.0
5,2,0,3,2,0,0.0
2,14,1,4,4,0,0.0
5,2,1,4,2,0,0.0
0,13,1,2,2,0,0.0
2,6,1,4,0,2,24.98
5,0,0,2,2,0,0.0
3,7,1,4,0,4,47.24
1,15,1,2,1,0,0.0
2,4,1,2,0,2,48.62
6,23,0,4,0,1,13.16
0,15,1,4,1,0,0.0
5,5,0,2,2,0,0.0
2,19,2,3,0,3,64.64
3,16,1,4,0,2,30.09
2,21,0,3,3,0,0.0
4,11,0,4,2,0,0.0
0,7,2,2,1,0,0.0
3,10,1,2,1,0,0.0
0,5,0,3,0,1,19.89
5,12,0,4,3,0,0.0
6,15,0,4,1,0,0.0
0,9,2,3,0,4,80.91
0,17,2,3,0,4,79.51
3,14,0,3,2,0,0.0
0,8,2,3,0,3,65.93
5,1,0,3,3,0,0.0
1,18,2,2,0,1,50.38
4,19,1,3,0,1,23.54
6,12,1,2,1,0,0.0
2,17,2,2,0,5,145.19
1,11,0,4,1,0,0.0
6,17,2,3,0,3,65.4
6,5,0,3,3,0,0.0
1,17,1,4,0,1,18.9
6,0,0,4,4,0,0.0
3,15,0,2,1,0,0.0
2,0,1,2,2,0,0.0
1,1,1,3,0,1,24.42
5,12,1,2,1,0,0.0
6,2,0,2,2,0,0.0
5,22,0,4,0,0,5.95
5,17,1,4,0,5,58.75
6,12,1,2,1,0,0.0
6,10,1,3,0,1,21.32
2,14,0,2,1,0,0.0
5,18,2,3,0,4,80.03
0,7,2,3,0,4,77.81
2,22,1,4,1,0,0.0
3,0,1,3,3,0,0.0
2,17,1,4,1,0,0.0
1,18,2,2,0,4,117.12
2,15,0,4,2,0,0.0
2,4,0,4,0,2,21.94
1,6,1,3,1,0,0.0
0,4,1,3,3,0,0.0
4,23,0,4,0,1,10.81
2,13,1,3,2,0,0.0
6,4,0,2,2,0,0.0
4,19,1,3,0,2,37.02
6,17,2,3,1,0,0.0
2,20,0,2,1,0,0.0
5,15,1,4,0,0,3.82
3,22,0,2,0,0,11.22
1,16,1,4,0,2,26.6
3,3,0,2,1,0,0.0
1,20,0,4,1,0,0.0
5,17,2,3,0,3,67.28
0,13,1,3,2,0,0.0
4,10,0,4,4,0,0.0
5,5,0,2,2,0,0.0
5,6,1,4,2,0,0.0
4,19,2,3,1,0,0.0
1,10,1,4,1,0,0.0
1,16,2,4,0,3,50.02
3,5,0,2,0,0,11.12
2,22,0,2,2,0,0.0
0,17,2,3,0,1,36.5
4,14,0,4,0,1,14.46
5,17,2,2,0,2,71.35
2,9,2,3,0,3,59.0
4,12,1,3,1,0,0.0
0,18,1,2,0,3,82.58
1,8,1,4,0,5,55.72
4,20,0,3,2,0,0.0
6,23,1,4,3,0,0.0
1,5,0,2,0,0,9.21
6,19,1,2,0,4,99.55
6,0,0,3,0,0,13.21
4,14,1,3,3,0,0.0
2,9,1,4,0,5,61.27
3,12,1,3,3,0,0.0
2,9,2,4,0,5,73.13
6,6,1,2,1,0,0.0
5,4,1,3,3,0,0.0
3,22,1,3,0,2,33.69
3,20,0,3,0,1,18.37
6,14,0,4,3,0,0.0
1,19,1,4,1,0,0.0
2,5,0,4,1,0,0.0
3,11,0,4,0,2,20.27
2,10,0,2,1,0,0.0
4,0,0,4,0,2,19.31
2,20,0,3,0,2,25.21
5,8,2,3,0,5,95.87
6,0,0,4,4,0,0.0
5,14,0,3,3,0,0.0
5,20,0,4,0,1,10.99
0,19,1,4,0,2,28.69
0,13,0,2,1,0,0.0
5,22,0,2,0,2,34.11
2,6,1,4,0,1,16.05
6,21,1,3,1,0,0.0
4,23,1,3,0,2,30.52
3,13,1,4,0,0,5.92
1,16,2,2,0,1,48.36
1,14,0,2,2,0,0.0
1,22,0,4,1,0,0.0
5,23,0,2,1,0,0.0
4,11,0,2,1,0,0.0
4,22,1,2,1,0,0.0
0,3,0,2,2,0,0.0
0,5,1,3,0,0,13.62
6,0,1,2,1,0,0.0
3,2,0,4,2,0,0.0
6,21,0,4,1,0,0.0
2,1,1,3,2,0,0.0
1,8,2,2,0,4,121.84
1,6,0,3,1,0,0.0
2,8,2,4,0,1,20.86
3,11,0,4,2,0,0.0
6,20,0,4,1,0,0.0
0,18,1,3,0,4,63.02
2,20,0,4,1,0,0.0
2,22,1,4,2,0,0.0
0,16,2,2,0,4,121.88
2,1,1,2,2,0,0.0
5,5,0,3,3,0,0.0
4,10,1,3,3,0,0.0
5,18,2,2,0,3,94.04
6,0,0,2,1,0,0.0
2,10,0,4,1,0,0.0
2,9,2,2,0,1,47.55
3,19,2,3,1,0,0.0
5,12,0,3,2,0,0.0
5,11,0,4,3,0,0.0
5,12,0,3,1,0,0.0
6,16,2,2,1,0,0.0
6,8,2,4,0,2,37.1
4,5,1,3,1,0,0.0
4,4,1,2,1,0,0.0
6,1,0,2,0,1,23.06
3,12,0,2,0,2,37.71
1,6,0,2,1,0,0.0
0,5,0,2,1,0,0.0
0,23,0,2,2,0,0.0
4,11,0,2,0,1,22.33
0,15,1,4,3,0,0.0
5,6,1,3,3,0,0.0
6,14,0,4,0,1,11.3
1,10,0,2,1,0,0.0
2,21,0,4,4,0,0.0
3,17,2,2,1,0,0.0
5,23,0,4,1,0,0.0
4,5,0,2,1,0,0.0
2,16,2,2,1,0,0.0
0,20,0,2,1,0,0.0
1,1,0,2,1,0,0.0
0,10,1,3,1,0,0.0
3,4,0,3,3,0,0.0
5,15,0,2,1,0,0.0
1,5,1,3,0,1,22.31
6,2,1,3,0,2,29.31
6,12,0,2,1,0,0.0
1,18,2,4,1,0,0.0
0,15,1,4,3,0,0.0
3,1,0,3,2,0,0.0
5,20,1,2,1,0,0.0
4,11,1,3,2,0,0.0
6,17,1,3,0,4,65.88
4,12,0,4,1,0,0.0
0,10,1,4,2,0,0.0
1,16,2,4,1,0,0.0
3,1,0,3,0,0,8.29
6,15,0,3,0,2,26.1
5,11,0,3,2,0,0.0
5,9,2,2,0,2,72.45
2,11,0,3,3,0,0.0
2,9,1,4,0,3,41.73
5,1,1,4,3,0,0.0
1,5,1,2,0,0,16.5
5,4,0,4,3,0,0.0
2,11,1,3,1,0,0.0
6,23,1,4,3,0,0.0
0,2,0,3,0,0,7.47
4,23,0,4,3,0,0.0
4,23,0,2,2,0,0.0
5,9,2,3,0,2,48.24
5,8,2,4,0,4,61.09
0,6,0,4,2,0,0.0
4,16,1,4,0,3,39.1
4,15,0,2,1,0,0.0
5,22,0,2,2,0,0.0
5,1,0,4,1,0,0.0
5,9,1,3,1,0,0.0
1,0,1,3,1,0,0.0
2,8,2,3,0,1,32.08
1,7,2,2,0,2,70.6
0,19,2,3,1,0,0.0
4,13,1,4,2,0,0.0
4,12,1,3,0,1,20.34
2,10,0,3,1,0,0.0
3,23,0,3,1,0,0.0
5,12,0,3,0,2,22.19
6,18,2,2,1,0,0.0
4,11,0,2,2,0,0.0
4,11,0,3,2,0,0.0
3,21,0,3,1,0,0.0
4,18,2,2,0,5,147.5
3,13,0,2,2,0,0.0
5,15,0,2,2,0,0.0
1,12,0,4,0,1,10.01
1,6,1,2,1,0,0.0
1,5,0,4,4,0,0.0
3,11,0,2,2,0,0.0
2,10,1,3,0,2,31.11
5,20,0,4,4,0,0.0
4,17,1,3,1,0,0.0
3,14,0,3,1,0,0.0
6,5,0,3,0,2,23.56
6,10,1,3,1,0,0.0
5,3,1,3,3,0,0.0
3,13,1,2,0,2,50.54
1,4,1,4,4,0,0.0
0,19,2,4,1,0,0.0
0,10,0,4,1,0,0.0
4,20,1,3,0,1,21.08
0,23,1,4,3,0,0.0
4,16,1,2,1,0,0.0
2,23,0,2,1,0,0.0
5,6,0,3,2,0,0.0
0,0,1,2,1,0,0.0
3,7,2,4,1,0,0.0
1,5,1,3,0,2,35.0
6,10,0,2,1,0,0.0
5,2,1,2,0,2,47.4
5,13,0,4,3,0,0.0
0,13,1,3,0,2,33.06
6,19,2,4,0,4,58.33
3,23,0,2,1,0,0.0
6,23,0,2,1,0,0.0
5,16,2,4,1,0,0.0
3,3,0,2,1,0,0.0
6,18,2,2,0,3,100.29
3,21,0,3,1,0,0.0
6,15,0,2,0,1,22.62
5,22,0,2,2,0,0.0
3,7,2,3,0,4,80.62
2,14,0,4,4,0,0.0
2,19,1,2,0,5,118.27
2,0,0,2,2,0,0.0
2,22,0,3,1,0,0.0
4,20,0,3,3,0,0.0
5,9,2,2,0,2,72.83
4,9,2,3,0,1,31.63
6,6,0,4,1,0,0.0
4,0,0,3,3,0,0.0
3,19,2,2,0,5,143.74
6,16,2,3,0,4,80.09
6,15,0,4,4,0,0.0
3,5,0,3,0,2,24.71
0,10,0,2,0,0,14.43
1,8,2,4,0,2,40.42
2,15,1,3,0,2,31.39
6,16,2,2,0,3,93.26
5,1,1,3,0,1,21.49
4,2,1,3,0,0,15.99
3,18,1,4,0,3,37.39
6,23,1,2,2,0,0.0
6,7,2,2,1,0,0.0
1,1,0,4,4,0,0.0
2,2,0,4,0,0,9.53
4,9,1,2,0,2,61.86
4,18,2,3,0,5,94.89
6,1,1,3,0,0,11.97
3,3,0,3,3,0,0.0
1,3,1,4,1,0,0.0
4,15,1,3,0,2,35.76
3,3,0,4,1,0,0.0
4,20,0,4,0,1,11.74
6,13,0,4,3,0,0.0
5,5,1,3,3,0,0.0
4,9,2,4,0,5,71.59
1,10,1,3,2,0,0.0
5,14,0,2,1,0,0.0
0,10,0,4,3,0,0.0
1,5,0,2,2,0,0.0
2,3,0,3,1,0,0.0
1,3,0,2,1,0,0.0
4,9,2,3,1,0,0.0
0,21,1,3,1,0,0.0
4,21,0,2,0,0,11.34
6,12,0,2,2,0,0.0
5,5,1,3,3,0,0.0
5,19,2,3,0,2,45.97
2,15,0,3,1,0,0.0
2,10,0,4,2,0,0.0
3,9,2,3,1,0,0.0
6,13,0,2,0,1,23.7
2,20,0,2,1,0,0.0
0,22,0,2,2,0,0.0
5,8,2,3,0,3,61.55
3,12,1,3,1,0,0.0
6,6,1,4,3,0,0.0
6,8,1,2,0,2,58.57
2,23,1,3,3,0,0.0
0,21,1,3,3,0,0.0
1,8,2,4,1,0,0.0
0,3,1,2,1,0,0.0
2,17,2,3,0,1,30.46
3,4,0,4,2,0,0.0
6,23,0,3,1,0,0.0
4,9,1,4,0,4,49.22
1,10,1,4,2,0,0.0
4,16,2,3,0,2,44.89
6,2,1,4,2,0,0.0
6,11,1,3,1,0,0.0
1,10,0,3,3,0,0.0
2,10,1,2,2,0,0.0
2,8,2,4,0,2,36.66
0,20,0,3,3,0,0.0
6,15,1,2,0,2,50.42
2,0,0,4,0,2,14.76
6,10,0,4,2,0,0.0
4,10,0,4,0,2,19.5
0,17,2,2,0,5,146.46
6,2,0,4,4,0,0.0
5,6,1,2,1,0,0.0
6,8,2,3,0,3,61.58
0,5,1,4,2,0,0.0
3,16,2,4,1,0,0.0
0,12,0,4,0,2,22.1
6,12,0,2,0,1,25.84
3,4,0,3,2,0,0.0
4,14,1,4,1,0,0.0
6,18,2,3,0,2,46.59
6,4,0,2,0,0,12.39
0,17,1,4,0,5,59.62
2,2,0,3,1,0,0.0
5,6,0,2,0,1,25.15
2,7,2,2,0,2,73.08
3,3,0,3,3,0,0.0
6,23,0,4,3,0,0.0
0,14,0,3,1,0,0.0
1,12,0,4,0,0,4.41
4,18,2,4,0,2,36.34
6,6,0,2,2,0,0.0
4,11,0,4,3,0,0.0
1,6,1,2,1,0,0.0
3,8,1,4,1,0,0.0
0,0,0,3,3,0,0.0
6,3,0,3,2,0,0.0
6,2,1,3,2,0,0.0
1,22,1,2,2,0,0.0
6,12,0,3,2,0,0.0
5,20,0,3,1,0,0.0
6,7,2,2,0,2,69.17
4,4,1,2,1,0,0.0
6,1,1,2,0,2,48.53
5,9,2,3,1,0,0.0
6,5,0,3,1,0,0.0
4,4,1,4,1,0,0.0
2,3,0,2,1,0,0.0
1,9,2,3,0,3,62.19
4,10,0,2,1,0,0.0
0,15,1,2,0,1,31.03
0,17,2,3,0,2,50.47
0,0,0,3,0,1,18.85
0,3,0,3,3,0,0.0
6,17,1,3,0,3,53.22
3,15,0,3,2,0,0.0
5,17,2,3,0,4,77.82
3,23,0,4,1,0,0.0
1,16,1,2,0,1,38.37
5,3,0,4,2,0,0.0
4,3,0,2,1,0,0.0
1,23,0,4,2,0,0.0
5,14,1,4,4,0,0.0
4,18,1,3,0,4,67.43
2,21,1,2,2,0,0.0
6,1,0,4,0,0,6.53
1,0,1,2,0,0,20.89
1,12,0,3,3,0,0.0
3,11,1,2,2,0,0.0
3,14,0,2,2,0,0.0
2,17,1,3,0,5,78.79
2,10,0,2,1,0,0.0
6,15,0,4,0,2,19.13
6,10,0,4,0,1,11.88
3,20,1,2,0,0,16.52
1,14,0,2,2,0,0.0
5,9,2,2,0,4,119.7
3,17,2,2,0,4,121.42
6,16,1,2,0,1,40.91
1,23,0,4,4,0,0.0
4,4,1,4,4,0,0.0
0,17,2,3,0,5,94.43
1,11,0,2,2,0,0.0
1,20,1,4,1,0,0.0
6,22,1,2,2,0,0.0
3,6,0,3,3,0,0.0
2,12,0,4,3,0,0.0
3,10,1,2,1,0,0.0
0,2,1,3,2,0,0.0
1,23,1,4,0,0,5.46
6,13,0,2,1,0,0.0
6,5,0,2,0,2,33.83
3,12,0,4,1,0,0.0
6,11,0,2,1,0,0.0
1,12,1,2,2,0,0.0
4,21,0,2,1,0,0.0
1,21,0,3,0,2,26.02
0,16,2,3,0,5,93.79
3,7,2,4,0,1,19.69
4,23,0,4,1,0,0.0
0,23,0,3,0,1,17.44
6,8,2,2,1,0,0.0
3,18,2,2,1,0,0.0
6,9,2,2,0,1,52.99
5,19,2,4,0,4,59.99
6,22,0,3,0,2,26.68
0,8,2,4,0,3,48.16
5,16,2,3,0,3,63.8
0,0,1,2,1,0,0.0
1,18,1,3,1,0,0.0
5,8,2,2,1,0,0.0
4,19,2,4,1,0,0.0
0,19,2,2,0,5,145.84
0,3,0,2,2,0,0.0
5,22,0,4,3,0,0.0
5,23,0,2,2,0,0.0
6,14,1,3,0,1,21.09
6,20,0,4,0,0,6.78
4,5,1,2,1,0,0.0
0,9,1,3,1,0,0.0
6,8,2,3,0,3,64.64
1,8,1,3,0,4,63.66
5,20,0,3,1,0,0.0
4,17,2,4,1,0,0.0
6,11,0,2,0,1,26.98
2,19,2,4,0,3,47.65
6,9,2,2,0,4,118.49
2,19,2,3,0,4,81.07
1,8,2,4,0,3,46.2
6,14,0,3,1,0,0.0
2,0,0,2,2,0,0.0
2,16,2,4,0,5,72.06
4,5,1,3,0,0,10.82
0,2,1,4,3,0,0.0
6,8,2,2,0,5,146.17
2,12,0,2,0,2,38.45
6,9,2,4,0,3,47.95
1,14,0,2,2,0,0.0
1,21,0,3,3,0,0.0
1,22,0,2,0,1,26.64
5,6,0,2,1,0,0.0
1,0,0,4,3,0,0.0
3,17,2,4,0,4,62.78
1,16,2,4,1,0,0.0
5,8,2,4,0,4,61.12
2,11,0,2,2,0,0.0
2,2,0,4,2,0,0.0
6,22,1,2,2,0,0.0
1,3,1,4,3,0,0.0
4,10,1,2,0,2,48.77
2,22,1,4,4,0,0.0
6,7,2,3,0,4,77.38
4,14,1,3,3,0,0.0
0,5,1,2,1,0,0.0
4,20,0,2,1,0,0.0
6,22,0,2,2,0,0.0
2,2,0,4,4,0,0.0
2,23,1,2,2,0,0.0
3,13,0,4,3,0,0.0
1,21,0,3,2,0,0.0
2,7,2,4,1,0,0.0
1,17,2,4,0,1,21.87
4,1,0,4,4,0,0.0
0,2,0,4,4,0,0.0
3,23,1,2,0,0,15.64
4,5,0,2,2,0,0.0
3,23,0,2,0,0,11.28
3,18,2,4,1,0,0.0
6,13,1,3,3,0,0.0
1,10,0,2,1,0,0.0
2,5,0,4,2,0,0.0
3,2,0,2,1,0,0.0
1,7,2,3,0,3,63.63
3,3,0,4,0,2,18.86
0,17,2,2,0,1,49.06
1,0,0,4,0,1,12.36
3,9,2,2,0,1,48.97
1,6,1,4,3,0,0.0
1,17,2,2,0,2,72.13
4,11,0,4,3,0,0.0
5,5,0,4,3,0,0.0
0,19,2,2,0,3,92.05
2,3,1,3,1,0,0.0
4,16,1,2,1,0,0.0
1,19,2,2,0,4,118.12
5,17,2,3,0,5,95.71
0,10,0,2,0,0,10.08
6,15,0,2,0,1,26.2
0,15,1,4,4,0,0.0
0,16,2,2,0,5,147.06
4,18,2,4,1,0,0.0
6,17,1,4,0,3,41.44
1,14,0,2,2,0,0.0
3,12,0,3,0,1,16.24
0,15,0,2,2,0,0.0
3,19,2,3,1,0,0.0
6,9,2,4,0,5,74.98
6,1,0,2,1,0,0.0
4,23,1,4,1,0,0.0
5,10,0,4,4,0,0.0
0,1,0,3,1,0,0.0
2,17,2,2,1,0,0.0
5,16,1,4,0,1,19.8
1,3,0,3,1,0,0.0
5,10,1,2,0,1,31.83
1,18,2,4,0,1,22.77
3,6,0,4,2,0,0.0
0,7,2,4,0,4,59.4
6,7,2,3,0,2,47.22
1,19,2,2,0,4,120.34
5,18,2,4,0,2,36.32
5,23,0,3,0,1,16.67
6,13,0,3,1,0,0.0
6,15,1,3,0,2,33.37
5,12,1,2,1,0,0.0
1,21,0,4,0,2,21.13
0,3,0,2,0,0,14.4
4,10,1,2,1,0,0.0
5,22,0,4,2,0,0.0
4,9,2,3,0,1,29.03
6,3,0,3,0,2,19.89
6,15,0,2,2,0,0.0
0,15,0,3,0,0,10.2
0,12,0,2,2,0,0.0
6,2,0,2,2,0,0.0
2,14,0,4,3,0,0.0
4,1,1,4,1,0,0.0
6,6,0,4,0,2,16.02
0,4,0,3,1,0,0.0
2,14,1,2,0,1,32.05
3,4,1,3,0,0,8.49
1,20,0,2,2,0,0.0
5,14,0,2,0,0,8.9
4,16,2,3,0,2,49.08
4,10,0,2,2,0,0.0
0,13,1,4,0,2,25.89
5,5,0,4,2,0,0.0
0,4,1,2,0,0,15.1
3,0,0,4,3,0,0.0
6,18,1,2,0,5,111.82
4,2,1,2,1,0,0.0
4,20,0,3,3,0,0.0
3,23,1,2,1,0,0.0
4,8,2,3,1,0,0.0
3,4,1,3,2,0,0.0
1,4,1,3,1,0,0.0
3,8,2,2,0,4,118.91
6,9,1,2,1,0,0.0
3,22,0,4,3,0,0.0
1,20,0,3,3,0,0.0
3,13,1,3,3,0,0.0
3,12,0,3,2,0,0.0
2,21,0,3,1,0,0.0
1,6,0,4,4,0,0.0
1,23,1,4,2,0,0.0
3,17,2,3,0,2,48.78
3,4,0,3,3,0,0.0
2,19,1,3,0,2,36.04
2,17,2,2,1,0,0.0
4,13,0,2,0,2,37.87
1,12,1,4,1,0,0.0
2,23,1,4,1,0,0.0
5,12,0,4,1,0,0.0
3,10,0,3,1,0,0.0
6,15,1,3,0,2,32.47
0,2,0,2,0,0,13.66
2,2,0,3,1,0,0.0
5,4,0,2,0,1,25.24
4,10,0,4,3,0,0.0
2,22,0,2,1,0,0.0
0,17,1,2,0,4,95.55
0,17,2,4,0,5,74.39
4,20,1,3,2,0,0.0
5,7,2,2,0,4,119.68
0,1,0,2,1,0,0.0
3,15,0,2,2,0,0.0
5,11,1,3,1,0,0.0
3,0,1,3,2,0,0.0
2,2,0,3,1,0,0.0
1,19,2,3,1,0,0.0
1,3,0,4,2,0,0.0
2,22,0,2,2,0,0.0
6,15,1,2,2,0,0.0
3,5,0,3,1,0,0.0
4,8,1,4,1,0,0.0
2,5,1,2,0,2,48.7
2,8,2,3,0,1,30.13
2,23,0,4,0,1,11.61
4,1,1,2,0,2,46.98
4,0,0,3,1,0,0.0
3,12,0,3,2,0,0.0
5,12,0,3,3,0,0.0
3,22,0,3,2,0,0.0
5,8,1,4,1,0,0.0
2,8,2,2,0,3,95.65
6,16,1,2,0,1,42.42
1,2,0,2,0,0,9.76
4,7,1,2,0,1,35.77
5,10,0,4,1,0,0.0
4,20,1,3,2,0,0.0
6,21,1,2,0,0,19.19
5,4,1,2,0,0,15.83
0,22,0,2,1,0,0.0
6,21,0,2,0,2,36.16
0,12,1,3,1,0,0.0
3,6,0,4,4,0,0.0
5,5,0,3,0,1,18.75
1,16,1,2,0,2,57.29
2,4,1,4,1,0,0.0
5,3,0,4,1,0,0.0
1,10,0,2,1,0,0.0
5,18,2,3,1,0,0.0
4,20,0,3,3,0,0.0
2,11,0,4,4,0,0.0
0,20,0,4,2,0,0.0
6,5,0,2,0,1,28.65
2,23,1,2,1,0,0.0
0,21,0,4,0,2,20.11
5,2,1,3,2,0,0.0
5,21,1,4,0,2,23.4
2,23,0,3,2,0,0.0
5,15,0,3,2,0,0.0
6,15,1,3,1,0,0.0
1,18,1,2,0,4,101.81
3,14,0,3,3,0,0.0
6,14,0,3,1,0,0.0
5,12,0,3,1,0,0.0
6,10,1,3,1,0,0.0
3,11,0,2,2,0,0.0
1,4,0,4,1,0,0.0
0,0,0,3,1,0,0.0
2,10,0,2,1,0,0.0
3,5,1,3,2,0,0.0
1,6,1,3,3,0,0.0
3,13,0,2,2,0,0.0
0,11,0,2,1,0,0.0
5,15,0,4,1,0,0.0
1,16,1,3,1,0,0.0
3,0,1,3,1,0,0.0
2,20,1,3,3,0,0.0
4,3,0,4,4,0,0.0
2,10,0,4,1,0,0.0
2,18,1,3,0,4,63.79
2,13,0,2,1,0,0.0
5,7,2,3,1,0,0.0
6,8,2,4,0,2,37.48
1,10,1,4,1,0,0.0
5,18,1,4,0,4,49.35
4,15,0,2,2,0,0.0
0,12,1,2,1,0,0.0
0,16,2,3,0,1,34.6
3,12,0,2,2,0,0.0
1,11,0,2,0,0,15.62
5,0,0,3,3,0,0.0
4,4,0,3,3,0,0.0
2,19,1,4,0,5,58.56
4,3,1,3,0,2,30.99
1,16,2,4,0,4,60.92
3,22,0,2,1,0,0.0
1,4,0,3,0,2,23.64
5,13,0,2,1,0,0.0
6,4,1,3,3,0,0.0
4,5,0,4,2,0,0.0
0,8,2,3,0,5,100.03
3,9,2,2,0,3,96.27
0,3,0,2,2,0,0.0
3,11,0,2,2,0,0.0
3,17,2,2,1,0,0.0
5,10,0,3,2,0,0.0
4,1,0,4,2,0,0.0
4,18,2,2,0,2,71.27
3,2,0,2,0,0,12.87
4,5,0,4,0,1,9.81
2,10,0,2,1,0,0.0
6,2,0,3,0,2,23.06
3,20,1,3,1,0,0.0
4,2,0,2,0,0,14.9
6,8,1,2,0,5,115.69
0,1,1,4,1,0,0.0
3,1,0,2,0,0,10.41
6,4,0,4,2,0,0.0
3,20,0,4,0,2,19.82
6,9,1,3,1,0,0.0
4,2,0,2,2,0,0.0
0,6,1,2,1,0,0.0
0,11,0,4,4,0,0.0
2,16,2,2,0,2,74.37
4,0,1,4,4,0,0.0
2,8,2,4,1,0,0.0
1,6,0,4,2,0,0.0
1,10,0,3,0,2,26.44
2,14,0,2,2,0,0.0
5,21,0,4,1,0,0.0
1,3,0,2,0,2,39.49
6,6,1,2,2,0,0.0
5,9,2,4,0,5,70.49
6,9,2,3,0,2,45.16
4,8,2,2,0,3,99.0
0,6,0,2,0,1,24.35
5,12,0,4,3,0,0.0
3,19,2,2,1,0,0.0
4,19,2,3,0,1,31.5
4,3,0,2,2,0,0.0
0,0,0,3,2,0,0.0
3,12,1,4,1,0,0.0
0,1,0,3,1,0,0.0
3,23,0,3,2,0,0.0
3,20,0,2,0,0,15.16
2,4,0,3,1,0,0.0
0,20,1,4,0,1,17.36
1,0,0,2,2,0,0.0
1,14,1,4,4,0,0.0
2,8,2,2,1,0,0.0
0,23,0,4,1,0,0.0
0,12,0,4,0,0,7.16
3,13,0,3,1,0,0.0
0,18,2,2,0,3,100.33
5,9,2,4,0,3,46.71
0,21,0,3,1,0,0.0
5,14,1,2,0,2,50.61
6,13,1,4,3,0,0.0
6,7,2,4,0,3,48.11
2,2,0,4,3,0,0.0
6,15,0,4,2,0,0.0
5,11,1,4,4,0,0.0
1,10,1,4,2,0,0.0
3,5,0,4,2,0,0.0
3,11,0,3,3,0,0.0
5,17,2,3,1,0,0.0
0,19,1,3,0,3,52.54
5,14,1,3,1,0,0.0
0,10,1,4,1,0,0.0
4,10,1,4,1,0,0.0
6,18,1,2,1,0,0.0
0,13,1,2,2,0,0.0
0,16,2,2,0,3,99.06
4,21,1,2,0,2,49.77
5,10,0,3,2,0,0.0
5,11,0,4,4,0,0.0
5,12,1,2,1,0,0.0
5,13,0,4,1,0,0.0
5,20,0,3,1,0,0.0
5,0,0,4,3,0,0.0
1,2,0,4,1,0,0.0
6,12,0,3,0,0,9.41
0,0,0,2,0,0,14.65
1,21,0,2,1,0,0.0
3,3,0,3,3,0,0.0
0,22,0,4,2,0,0.0
3,11,0,2,1,0,0.0
4,18,2,3,0,4,79.27
0,15,0,3,0,1,14.99
5,15,1,3,0,1,19.58
5,18,2,4,1,0,0.0
0,12,0,2,0,1,21.07
2,17,1,2,0,1,43.11
3,12,0,4,1,0,0.0
4,15,0,2,1,0,0.0
4,22,0,3,3,0,0.0
0,0,0,4,4,0,0.0
6,21,1,2,1,0,0.0
0,16,2,2,0,5,141.79
3,17,2,4,0,3,47.56
4,3,1,4,3,0,0.0
1,14,0,3,0,1,16.11
4,10,0,3,1,0,0.0
6,2,0,2,1,0,0.0
1,0,1,3,1,0,0.0
6,12,0,2,0,0,13.11
2,21,0,4,1,0,0.0
5,14,0,4,0,0,7.88
1,4,1,4,4,0,0.0
0,14,0,3,3,0,0.0
0,22,1,4,2,0,0.0
5,17,2,2,1,0,0.0
0,8,2,3,1,0,0.0
0,2,0,2,2,0,0.0
2,15,1,3,1,0,0.0
1,3,0,2,0,2,39.22
1,21,0,2,2,0,0.0
4,11,0,4,3,0,0.0
0,21,1,2,1,0,0.0
0,17,1,2,0,2,57.33
2,4,1,4,3,0,0.0
0,11,1,2,0,0,15.92
4,21,1,3,0,1,22.23
6,4,0,3,3,0,0.0
6,6,1,2,1,0,0.0
3,15,0,2,0,1,24.5
4,20,1,4,0,0,11.34
5,4,0,4,0,1,13.48
4,2,0,4,1,0,0.0
5,13,0,4,1,0,0.0
6,8,1,3,1,0,0.0
0,10,0,3,1,0,0.0
5,23,0,3,3,0,0.0
4,7,1,4,1,0,0.0
4,16,2,3,0,2,49.47
4,16,2,3,0,4,81.33
4,0,0,3,0,2,27.35
6,4,0,4,2,0,0.0
2,12,0,3,2,0,0.0
2,17,2,4,0,4,60.36
4,15,1,3,1,0,0.0
3,10,1,2,1,0,0.0
2,17,2,4,0,3,45.41
5,8,2,3,0,3,64.8
2,7,1,4,0,3,37.7
1,10,1,4,3,0,0.0
2,8,2,4,0,5,70.94
6,4,0,4,1,0,0.0
5,21,1,3,2,0,0.0
1,14,1,4,1,0,0.0
0,23,0,4,1,0,0.0
1,19,2,4,0,4,61.17
2,7,2,3,0,5,98.48
3,17,1,3,0,5,78.04
0,8,2,2,1,0,0.0
0,2,0,2,1,0,0.0
3,17,2,4,1,0,0.0
1,8,2,2,1,0,0.0
4,3,0,3,3,0,0.0
2,3,0,2,0,1,25.62
6,1,0,2,1,0,0.0
0,17,2,4,0,1,27.4
5,21,0,3,0,2,25.48
4,1,0,2,1,0,0.0
4,23,0,3,3,0,0.0
1,7,2,2,0,5,149.2
2,7,1,2,0,2,59.63
1,12,1,2,2,0,0.0
0,5,1,2,2,0,0.0
4,8,1,3,0,2,35.48
6,13,0,2,1,0,0.0
4,5,0,2,1,0,0.0
0,0,1,2,1,0,0.0
3,18,2,4,1,0,0.0
1,7,1,2,1,0,0.0
5,14,0,3,3,0,0.0
6,19,1,3,0,2,40.51
5,15,1,3,2,0,0.0
2,0,1,3,3,0,0.0
6,14,0,4,2,0,0.0
1,22,1,2,2,0,0.0
5,12,0,2,0,0,13.26
2,11,0,3,1,0,0.0
5,9,2,2,1,0,0.0
0,21,0,4,0,1,15.08
5,0,1,3,2,0,0.0
2,12,0,2,1,0,0.0
5,14,0,3,3,0,0.0
2,11,0,2,1,0,0.0
2,15,0,2,0,2,38.85
5,16,2,4,0,1,23.72
3,11,0,2,0,2,35.05
1,2,1,4,4,0,0.0
0,8,2,2,0,4,119.58
1,9,2,2,0,2,70.3
1,13,0,3,0,0,7.17
6,2,0,4,4,0,0.0
5,23,0,2,2,0,0.0
3,13,0,2,0,0,13.68
4,22,0,2,0,1,28.34
6,5,0,4,3,0,0.0
4,11,0,4,1,0,0.0
4,5,0,2,1,0,0.0
6,5,1,3,0,2,33.29
4,1,0,3,1,0,0.0
0,15,0,2,0,2,35.11
6,11,0,4,3,0,0.0
1,14,1,2,0,2,49.64
1,5,1,4,0,0,10.52
3,4,0,2,1,0,0.0
4,15,0,4,4,0,0.0
4,23,1,3,3,0,0.0
5,16,2,3,1,0,0.0
6,8,2,4,0,5,70.78
6,15,0,2,0,0,12.23
4,11,0,3,3,0,0.0
3,12,0,3,0,1,16.7
3,6,0,2,1,0,0.0
6,20,0,2,2,0,0.0
6,23,1,2,1,0,0.0
3,7,1,2,0,4,95.93
2,15,0,3,3,0,0.0
2,6,0,3,3,0,0.0
0,7,2,2,0,3,97.3
2,1,0,3,3,0,0.0
5,13,1,2,1,0,0.0
2,16,2,4,0,4,59.76
0,11,0,3,2,0,0.0
4,5,0,2,0,2,38.34
5,17,1,3,0,5,76.23
1,20,0,4,0,1,11.63
3,10,0,4,2,0,0.0
4,10,0,3,0,2,26.44
4,3,0,3,3,0,0.0
6,16,2,2,0,2,71.25
6,12,1,3,3,0,0.0
5,23,0,4,1,0,0.0
1,6,1,2,1,0,0.0
2,12,0,2,0,1,28.45
0,4,0,2,2,0,0.0
1,13,0,2,2,0,0.0
4,8,1,2,0,2,57.7
6,1,1,3,3,0,0.0
6,2,0,2,0,2,37.95
3,3,1,2,1,0,0.0
6,10,1,4,2,0,0.0
6,15,1,3,2,0,0.0
5,21,1,3,1,0,0.0
5,21,1,4,4,0,0.0
5,8,1,4,0,1,21.37
3,15,0,3,2,0,0.0
3,23,0,3,2,0,0.0
6,8,1,2,0,2,55.66
1,14,0,2,2,0,0.0
4,16,2,3,1,0,0.0
3,18,2,3,0,2,44.48
1,19,2,3,0,3,60.95
0,13,0,3,1,0,0.0
3,15,0,2,1,0,0.0
0,9,2,2,1,0,0.0
3,18,2,2,1,0,0.0
6,7,1,3,0,3,54.53
1,19,2,3,1,0,0.0
6,2,0,2,0,2,36.4
0,4,0,4,3,0,0.0
0,22,0,4,0,0,11.37
3,5,0,2,1,0,0.0
6,11,1,4,2,0,0.0
5,18,1,2,0,3,76.87
2,3,1,2,0,0,16.62
4,0,0,2,1,0,0.0
6,15,0,2,2,0,0.0
2,19,1,4,0,2,32.33
0,14,0,4,1,0,0.0
5,22,0,4,3,0,0.0
4,7,2,4,0,4,64.01
6,10,0,4,3,0,0.0
6,14,1,3,2,0,0.0
2,20,0,4,3,0,0.0
6,7,2,3,0,2,52.12
1,14,1,2,0,0,18.67
0,1,0,4,1,0,0.0
0,14,0,2,2,0,0.0
0,9,2,3,0,5,98.05
1,22,0,3,3,0,0.0
0,20,1,4,4,0,0.0
5,18,2,3,0,4,81.19
5,1,0,3,3,0,0.0
1,11,0,2,0,1,26.56
3,5,0,3,3,0,0.0
6,22,0,3,1,0,0.0
6,10,1,4,3,0,0.0
5,10,1,4,1,0,0.0
0,5,0,3,0,1,15.56
2,4,0,2,0,2,35.86
4,15,0,3,1,0,0.0
3,1,1,2,1,0,0.0
5,10,0,4,2,0,0.0
0,3,1,3,1,0,0.0
1,4,1,3,2,0,0.0
4,12,1,4,4,0,0.0
4,6,1,3,0,1,21.66
5,18,2,4,1,0,0.0
0,9,1,3,1,0,0.0
4,20,0,2,1,0,0.0
3,19,1,4,0,5,58.16
1,14,0,3,0,0,7.43
5,18,2,3,0,1,33.39
4,7,1,2,1,0,0.0
1,12,0,2,0,0,14.41
6,8,2,4,1,0,0.0
0,16,2,4,0,5,72.18
5,1,1,3,1,0,0.0
4,21,0,4,0,0,9.21
3,17,2,4,0,5,69.72
5,6,1,2,1,0,0.0
0,10,0,4,3,0,0.0
0,3,1,2,2,0,0.0
2,5,0,4,2,0,0.0
3,5,0,3,1,0,0.0
2,3,0,3,0,0,7.95
1,3,0,2,0,1,23.57
1,3,0,3,0,2,21.27
6,17,2,3,0,4,79.83
5,19,1,3,0,1,25.76
2,5,0,3,2,0,0.0
5,0,0,4,0,0,9.28
1,10,1,2,2,0,0.0
4,6,1,3,2,0,0.0
0,10,0,3,0,2,26.26
6,12,0,2,0,2,35.45
5,15,1,4,0,2,28.08
1,21,1,3,3,0,0.0
3,10,0,4,1,0,0.0
0,1,0,3,0,2,27.44
2,0,0,4,2,0,0.0
3,23,0,2,1,0,0.0
0,4,1,2,2,0,0.0
4,3,0,4,3,0,0.0
3,17,2,4,0,1,25.16
4,1,0,4,1,0,0.0
2,17,2,3,0,1,31.55
0,9,1,4,0,4,46.83
1,8,2,3,0,5,95.26
2,2,0,3,2,0,0.0
3,0,0,2,1,0,0.0
1,22,0,2,2,0,0.0
4,19,2,2,0,1,50.18
2,10,0,3,1,0,0.0
4,6,0,4,1,0,0.0
0,8,2,3,0,5,99.77
4,22,0,4,4,0,0.0
5,9,2,2,0,3,99.09
3,2,0,4,2,0,0.0
5,1,0,2,0,2,36.52
0,3,0,3,3,0,0.0
6,11,1,3,0,1,19.43
1,18,1,4,0,3,39.28
1,5,1,4,0,2,20.84
6,0,0,3,1,0,0.0
1,23,1,4,1,0,0.0
3,0,1,4,2,0,0.0
4,23,0,2,2,0,0.0
1,1,0,3,3,0,0.0
1,16,2,3,0,4,80.65
4,13,0,4,2,0,0.0
1,19,2,2,1,0,0.0
2,20,0,4,0,0,5.95
3,18,2,2,0,2,71.07
4,5,1,4,0,2,21.19
1,4,0,4,1,0,0.0
1,23,1,2,0,2,49.78
3,4,0,2,0,2,36.43
0,20,1,2,0,2,46.41
0,13,0,2,0,1,19.26
1,4,1,4,0,1,16.19
2,13,1,3,2,0,0.0
3,21,1,2,0,0,19.79
3,11,1,2,2,0,0.0
1,15,0,3,3,0,0.0
0,8,2,2,1,0,0.0
1,1,1,2,1,0,0.0
4,9,2,2,0,3,99.32
1,9,1,3,1,0,0.0
6,0,1,3,0,2,31.59
3,11,1,3,1,0,0.0
3,6,0,4,3,0,0.0
3,8,2,2,0,4,118.8
1,0,1,2,1,0,0.0
3,7,2,4,0,1,24.94
2,23,1,3,2,0,0.0
5,3,1,3,2,0,0.0
5,12,0,2,2,0,0.0
0,7,2,3,0,5,94.0
6,19,2,4,0,4,60.6
4,0,0,2,1,0,0.0
6,22,0,4,4,0,0.0
2,0,0,3,1,0,0.0
0,23,1,3,3,0,0.0
2,22,1,3,1,0,0.0
5,12,1,4,4,0,0.0
4,11,0,2,1,0,0.0
4,6,0,2,0,1,26.53
2,15,1,2,1,0,0.0
3,7,2,3,0,1,34.45
0,18,1,2,1,0,0.0
6,1,0,2,1,0,0.0
4,23,0,2,2,0,0.0
4,14,0,4,1,0,0.0
5,6,0,2,0,0,12.3
2,0,0,4,0,1,12.09
5,18,1,3,0,3,50.24
1,19,1,2,0,5,115.35
4,23,0,4,0,1,12.05
5,8,1,4,0,4,49.48
6,6,0,3,0,0,10.16
4,18,2,2,0,1,46.39
3,22,0,3,3,0,0.0
4,22,0,2,2,0,0.0
0,20,0,4,2,0,0.0
1,5,0,2,2,0,0.0
0,23,0,2,0,0,15.49
1,9,1,3,1,0,0.0
1,19,1,2,0,2,57.96
2,20,1,3,3,0,0.0
1,22,0,2,1,0,0.0
3,0,0,2,0,2,37.46
1,21,0,3,0,0,6.84
1,2,0,2,0,1,20.15
1,22,0,2,2,0,0.0
4,22,1,4,4,0,0.0
4,18,2,3,0,5,97.77
4,21,0,4,3,0,0.0
3,5,0,4,2,0,0.0
2,8,1,4,0,2,30.72
3,9,2,3,1,0,0.0
0,18,2,2,0,1,47.44
1,23,1,4,0,2,24.51
3,12,1,4,1,0,0.0
0,16,2,2,0,2,73.03
1,1,1,4,4,0,0.0
0,7,2,4,0,3,44.87
4,17,2,2,0,3,94.94
4,4,0,2,1,0,0.0
3,6,0,2,2,0,0.0
5,2,0,4,4,0,0.0
3,2,1,3,0,2,34.09
6,10,0,3,2,0,0.0
6,10,0,2,0,0,9.99
6,21,0,4,0,0,6.84
2,5,1,4,4,0,0.0
0,2,0,4,3,0,0.0
6,3,1,3,2,0,0.0
0,20,1,4,0,2,21.66
1,11,0,3,0,2,25.93
5,9,2,3,0,1,31.93
4,4,1,4,4,0,0.0
4,15,0,3,0,0,5.1
1,9,2,4,0,3,50.33
3,15,1,2,1,0,0.0
3,0,1,2,0,0,14.78
5,8,2,2,0,3,94.38
0,11,1,4,2,0,0.0
4,4,0,3,0,0,8.73
3,4,1,3,1,0,0.0
2,11,0,4,2,0,0.0
2,5,0,4,0,2,21.05
5,1,0,4,0,1,10.47
1,7,2,3,1,0,0.0
4,11,1,2,2,0,0.0
6,16,1,2,0,1,39.12
2,1,0,2,1,0,0.0
6,16,2,2,0,3,96.86
5,23,1,3,1,0,0.0
4,15,0,3,1,0,0.0
3,22,1,2,2,0,0.0
0,12,0,3,1,0,0.0
5,2,1,2,1,0,0.0
4,21,1,3,1,0,0.0
4,18,2,4,0,4,61.39
2,5,0,2,1,0,0.0
6,22,0,2,2,0,0.0
5,16,1,3,0,3,52.35
6,8,2,2,0,4,119.27
2,20,0,3,2,0,0.0
6,11,0,3,1,0,0.0
3,7,2,4,0,3,46.34
4,21,0,2,0,2,37.67
0,21,0,2,1,0,0.0
2,13,0,3,0,0,6.19
5,3,0,3,1,0,0.0
6,8,2,3,0,4,74.16
4,22,1,2,2,0,0.0
2,1,1,3,0,1,22.54
1,6,0,2,1,0,0.0
1,16,2,3,0,1,33.81
3,23,0,2,0,0,7.77
0,22,0,4,4,0,0.0
3,23,1,2,0,2,46.73
1,7,1,4,0,4,49.99
1,4,1,3,2,0,0.0
1,1,0,3,0,0,12.45
6,19,2,4,0,4,60.04
0,14,0,4,4,0,0.0
5,16,1,2,0,2,57.04
6,0,1,2,0,1,32.13
6,13,1,2,0,2,51.5
4,0,1,2,1,0,0.0
2,15,1,4,3,0,0.0
2,23,1,3,0,2,31.21
3,0,1,4,1,0,0.0
3,11,0,4,1,0,0.0
0,2,1,3,0,0,9.23
6,16,2,4,0,1,23.03
4,9,1,2,1,0,0.0
4,15,0,3,1,0,0.0
6,13,0,2,2,0,0.0
1,6,1,4,4,0,0.0
1,2,0,2,1,0,0.0
2,10,0,3,0,1,14.76
0,22,1,4,2,0,0.0
1,16,2,4,0,3,48.25
5,0,0,3,3,0,0.0
3,13,1,3,0,2,35.75
5,3,1,2,0,1,33.15
6,0,0,2,0,2,37.0
1,11,0,3,0,0,7.75
3,4,0,4,0,1,9.37
5,6,0,2,0,1,26.77
2,11,0,2,2,0,0.0
4,5,1,3,0,1,21.51
5,15,1,3,1,0,0.0
4,6,0,4,2,0,0.0
5,1,0,2,1,0,0.0
4,0,0,4,1,0,0.0
2,9,2,2,0,4,119.64
0,6,1,2,1,0,0.0
4,23,0,2,0,2,43.89
2,14,1,4,0,2,24.97
6,1,0,4,4,0,0.0
4,22,0,2,1,0,0.0
4,5,1,2,1,0,0.0
2,18,2,2,1,0,0.0
6,19,2,4,0,5,70.5
5,19,2,4,1,0,0.0
0,16,1,3,0,5,77.15
3,20,0,4,1,0,0.0
2,18,2,2,0,5,146.3
2,18,1,4,0,2,29.48
0,5,0,2,0,1,22.12
3,18,1,4,1,0,0.0
4,22,1,2,1,0,0.0
1,12,0,4,3,0,0.0
6,13,1,2,1,0,0.0
1,23,0,2,2,0,0.0
5,7,2,4,0,3,49.84
5,21,0,4,1,0,0.0
4,4,1,4,0,1,14.91
6,0,0,3,0,0,12.08
5,18,2,4,0,1,26.16
4,4,1,3,2,0,0.0
4,21,0,2,2,0,0.0
2,2,0,4,4,0,0.0
3,11,1,3,0,0,9.94
0,17,2,3,0,2,50.56
6,6,0,4,4,0,0.0
2,3,0,3,2,0,0.0
3,17,1,2,0,5,117.14
2,20,0,2,0,1,26.71
6,7,1,2,1,0,0.0
4,12,0,3,0,0,9.3
6,12,0,4,0,0,4.56
5,6,0,4,0,0,4.96
0,12,0,4,4,0,0.0
5,8,2,2,0,3,98.06
0,14,0,3,1,0,0.0
6,18,2,3,1,0,0.0
5,4,1,2,1,0,0.0
1,20,0,3,0,1,16.0
3,14,0,4,3,0,0.0
1,1,0,4,1,0,0.0
5,12,1,3,1,0,0.0
4,4,0,3,0,2,24.19
6,15,1,4,3,0,0.0
3,1,1,2,2,0,0.0
4,2,0,3,3,0,0.0
4,21,0,4,0,0,4.34
1,6,0,3,0,0,9.18
2,11,0,4,1,0,0.0
2,12,0,2,2,0,0.0
0,14,0,2,0,2,41.63
0,2,0,4,0,1,10.36
0,7,1,3,0,2,39.05
3,15,1,4,2,0,0.0
3,3,0,2,1,0,0.0
0,21,0,4,2,0,0.0
2,18,2,2,0,5,146.82
2,1,0,2,1,0,0.0
4,1,0,2,1,0,0.0
2,1,0,2,0,2,37.34
2,3,0,3,0,0,9.24
3,23,1,3,1,0,0.0
1,2,0,2,2,0,0.0
0,15,1,4,1,0,0.0
0,20,0,2,2,0,0.0
3,5,1,4,2,0,0.0
5,15,1,4,4,0,0.0
3,7,1,3,0,1,23.88
6,16,2,2,0,4,120.86
0,10,1,2,1,0,0.0
5,0,1,3,3,0,0.0
3,21,0,2,1,0,0.0
5,1,0,3,1,0,0.0
3,16,1,2,0,1,38.63
3,17,1,2,0,2,60.47
1,20,0,3,1,0,0.0
0,12,1,4,2,0,0.0
0,10,0,4,0,2,21.12
2,12,0,4,0,2,23.93
5,5,1,2,0,1,33.66
4,12,1,3,0,2,33.15
4,17,2,4,0,4,60.39
4,19,2,4,0,2,35.29
1,1,0,3,1,0,0.0
5,17,2,3,0,5,96.68
2,20,0,2,2,0,0.0
2,23,1,4,4,0,0.0
5,2,0,4,2,0,0.0
2,14,1,4,4,0,0.0
3,1,1,4,3,0,0.0
0,11,0,2,2,0,0.0
3,14,0,3,1,0,0.0
4,21,0,2,2,0,0.0
3,8,1,3,0,4,64.41
3,19,2,4,1,0,0.0
4,4,1,4,3,0,0.0
4,15,0,4,1,0,0.0
2,16,1,4,1,0,0.0
5,1,1,4,2,0,0.0
5,16,2,2,0,2,72.34
2,1,0,4,0,2,21.39
6,11,0,3,2,0,0.0
5,14,0,4,0,2,16.74
0,5,1,3,1,0,0.0
6,23,0,3,2,0,0.0
2,5,0,4,3,0,0.0
4,12,0,2,1,0,0.0
6,19,1,3,0,2,41.28
5,17,2,4,0,4,62.63
6,7,2,2,0,3,95.76
3,5,0,3,2,0,0.0
1,17,2,3,1,0,0.0
1,10,0,3,1,0,0.0
3,18,2,2,0,3,91.76
4,19,2,4,0,2,34.78
6,16,2,2,1,0,0.0
2,11,1,2,1,0,0.0
4,8,2,3,0,1,34.59
4,10,1,3,2,0,0.0
6,8,1,2,0,3,77.95
5,19,2,2,0,1,46.0
3,19,1,3,0,2,37.99
4,22,1,3,1,0,0.0
2,1,0,2,0,1,26.68
2,2,0,3,3,0,0.0
0,10,0,3,0,0,9.43
5,5,1,3,1,0,0.0
6,13,1,3,0,0,10.36
6,13,0,3,0,0,7.6
4,8,2,2,0,3,95.22
6,2,0,2,0,1,23.16
3,19,1,4,1,0,0.0
4,1,1,4,1,0,0.0
6,15,0,2,1,0,0.0
1,7,2,4,0,4,63.23
1,4,1,3,3,0,0.0
3,1,1,3,3,0,0.0
6,14,0,4,2,0,0.0
2,5,0,2,2,0,0.0
2,16,2,3,0,5,95.36
5,10,1,4,3,0,0.0
2,10,1,4,2,0,0.0
1,16,2,2,0,1,50.43
6,22,0,3,0,0,11.38
6,0,0,2,0,1,27.0
2,20,1,2,2,0,0.0
1,2,0,2,2,0,0.0
6,3,0,3,0,0,7.47
0,10,0,3,0,2,25.81
1,20,0,4,4,0,0.0
5,5,0,4,2,0,0.0
2,9,2,4,1,0,0.0
3,18,2,4,1,0,0.0
1,15,0,4,3,0,0.0
3,20,1,3,2,0,0.0
5,13,1,2,0,0,16.2
2,16,2,4,0,3,46.19
2,6,1,2,0,0,16.9
5,17,2,2,0,2,69.64
6,2,0,2,2,0,0.0
1,20,1,2,1,0,0.0
4,2,0,2,2,0,0.0
0,2,0,4,3,0,0.0
2,15,0,2,2,0,0.0
4,14,0,3,1,0,0.0
6,15,1,3,0,2,34.88
3,5,0,2,1,0,0.0
3,10,1,3,2,0,0.0
4,20,0,3,1,0,0.0
3,4,0,4,2,0,0.0
1,19,2,2,1,0,0.0
3,21,0,4,0,1,11.57
0,17,2,2,1,0,0.0
0,20,0,3,0,1,17.07
5,6,0,2,2,0,0.0
5,6,1,4,4,0,0.0
1,0,0,3,1,0,0.0
1,18,2,4,0,4,60.57
1,3,0,4,2,0,0.0
5,18,2,2,0,2,71.48
4,17,1,2,0,3,79.17
5,11,0,4,4,0,0.0
6,17,2,2,0,3,95.05
3,3,1,3,3,0,0.0
5,23,0,3,1,0,0.0
6,12,0,3,0,2,26.74
2,8,2,3,1,0,0.0
4,22,0,4,1,0,0.0
3,19,2,4,0,2,33.31
4,5,0,3,1,0,0.0
0,10,1,2,2,0,0.0
3,16,2,3,0,2,48.25
3,22,0,3,1,0,0.0
1,4,1,2,0,0,20.13
6,11,1,3,0,2,30.5
1,5,0,2,1,0,0.0
6,17,2,3,1,0,0.0
4,16,2,4,1,0,0.0
2,21,1,2,2,0,0.0
5,22,1,3,2,0,0.0
1,7,2,4,1,0,0.0
0,1,0,2,1,0,0.0
2,7,2,3,0,5,94.64
6,18,1,3,1,0,0.0
0,11,0,2,2,0,0.0
4,2,0,2,2,0,0.0
4,5,1,4,2,0,0.0
5,0,0,2,0,1,26.03
2,20,1,4,1,0,0.0
0,19,1,2,1,0,0.0
3,2,1,2,2,0,0.0
3,2,0,4,1,0,0.0
3,1,0,4,1,0,0.0
0,6,0,2,2,0,0.0
5,14,0,3,1,0,0.0
0,3,1,4,0,0,8.48
0,12,0,3,1,0,0.0
1,1,1,2,2,0,0.0
0,14,1,2,1,0,0.0
5,23,0,4,1,0,0.0
1,19,2,4,0,1,24.7
2,18,2,2,1,0,0.0
2,6,0,4,1,0,0.0
3,20,0,4,4,0,0.0
0,4,0,3,0,0,9.31
2,0,1,4,3,0,0.0
5,16,2,2,0,5,145.27
5,10,0,2,2,0,0.0
2,12,0,2,2,0,0.0
1,22,0,3,3,0,0.0
6,2,1,4,0,0,10.34
5,21,1,4,2,0,0.0
1,22,0,4,0,0,7.07
1,14,0,2,1,0,0.0
1,13,1,3,2,0,0.0
4,11,0,3,1,0,0.0
1,0,0,3,1,0,0.0
0,4,0,3,3,0,0.0
0,11,0,4,3,0,0.0
1,17,2,3,0,2,47.52
4,19,2,2,0,4,121.35
3,18,2,2,0,2,75.8
1,9,2,4,0,3,47.73
2,8,2,2,0,2,70.05
5,22,0,3,1,0,0.0
0,3,1,2,1,0,0.0
3,15,1,4,3,0,0.0
2,13,1,3,0,1,23.88
3,18,2,4,0,3,47.76
3,5,0,2,1,0,0.0
6,3,0,2,1,0,0.0
3,0,0,2,2,0,0.0
0,3,0,4,0,0,1.9
0,23,1,3,1,0,0.0
0,14,0,3,0,1,18.36
1,13,0,4,4,0,0.0
0,16,2,2,0,4,118.93
0,4,0,4,0,1,12.32
5,1,0,3,1,0,0.0
4,1,0,3,0,0,9.0
0,14,0,4,2,0,0.0
0,1,0,3,2,0,0.0
3,9,2,2,0,1,48.38
5,6,0,2,2,0,0.0
3,5,1,3,2,0,0.0
3,13,0,4,4,0,0.0
2,15,0,2,0,2,38.92
0,10,1,2,0,2,47.88
3,5,0,3,3,0,0.0
3,13,0,2,1,0,0.0
4,2,0,4,1,0,0.0
5,15,0,2,0,1,26.03
3,13,0,3,2,0,0.0
2,20,0,4,0,0,5.73
0,14,0,4,3,0,0.0
0,8,1,2,0,5,118.48
1,17,1,4,0,5,59.73
0,10,1,2,2,0,0.0
0,10,0,2,1,0,0.0
4,19,1,4,0,5,56.63
6,15,1,3,3,0,0.0
5,7,1,4,0,4,50.92
4,14,0,4,3,0,0.0
3,19,2,4,0,1,22.93
3,12,0,2,0,1,26.62
2,1,0,3,2,0,0.0
1,7,2,2,1,0,0.0
1,6,1,4,4,0,0.0
5,18,2,4,0,5,72.73
3,0,1,2,1,0,0.0
1,13,0,4,0,0,9.93
3,1,0,4,4,0,0.0
6,5,0,2,1,0,0.0
0,5,1,4,0,2,23.93
6,21,0,4,0,2,18.05
6,2,0,2,2,0,0.0
5,19,2,4,1,0,0.0
1,3,0,2,0,2,37.46
6,17,2,4,0,5,71.39
0,2,0,4,2,0,0.0
2,17,1,2,0,4,99.1
2,16,2,4,0,5,68.77
3,16,2,3,0,5,93.89
1,1,0,2,2,0,0.0
0,13,0,3,3,0,0.0
5,2,0,2,1,0,0.0
4,2,1,3,3,0,0.0
0,20,0,4,1,0,0.0
4,15,1,4,2,0,0.0
6,5,1,4,3,0,0.0
4,16,2,2,1,0,0.0
4,21,1,3,0,1,19.53
0,18,1,3,0,3,53.9
6,2,0,4,0,1,15.92
3,1,1,3,1,0,0.0
1,15,1,3,1,0,0.0
2,23,0,3,0,1,16.46
4,21,1,4,3,0,0.0
1,9,1,4,1,0,0.0
5,20,1,3,3,0,0.0
3,17,2,2,0,5,143.66
3,0,0,3,2,0,0.0
1,2,0,3,1,0,0.0
4,10,0,2,0,0,12.64
2,18,2,2,1,0,0.0
2,17,1,4,0,5,60.82
4,7,2,3,1,0,0.0
4,22,0,4,4,0,0.0
0,13,0,2,1,0,0.0
3,4,0,4,4,0,0.0
4,2,0,3,0,0,6.48
2,2,0,2,2,0,0.0
6,23,0,2,2,0,0.0
6,19,1,4,0,4,49.23
0,7,2,2,1,0,0.0
0,10,0,2,0,1,26.95
2,17,1,4,1,0,0.0
2,22,0,2,1,0,0.0
2,9,1,3,0,1,27.0
4,3,0,3,0,0,8.71
5,9,1,3,1,0,0.0
3,2,1,3,3,0,0.0
5,2,0,4,2,0,0.0
4,17,2,4,0,5,74.0
4,23,0,2,1,0,0.0
6,17,1,2,0,1,33.59
3,8,2,3,0,2,49.36
6,10,0,4,3,0,0.0
5,12,1,3,3,0,0.0
4,21,1,4,1,0,0.0
5,18,2,3,1,0,0.0
2,16,2,3,0,1,30.69
2,10,0,4,2,0,0.0
6,21,0,2,0,2,33.84
1,23,1,4,1,0,0.0
0,21,0,3,1,0,0.0
5,12,0,4,2,0,0.0
0,2,0,3,3,0,0.0
5,23,0,2,2,0,0.0
4,17,1,3,1,0,0.0
2,7,2,3,0,1,33.02
4,18,2,3,0,5,98.75
0,12,0,3,0,0,8.06
4,20,1,4,2,0,0.0
6,4,1,3,2,0,0.0
1,1,0,3,3,0,0.0
5,8,2,4,1,0,0.0
3,15,0,3,2,0,0.0
6,13,0,3,0,1,18.57
2,13,0,3,3,0,0.0
2,17,2,2,1,0,0.0
6,9,1,3,0,5,81.22
6,19,2,2,0,2,74.63
6,11,0,3,3,0,0.0
6,4,0,4,3,0,0.0
2,22,0,3,0,1,19.95
5,10,1,4,2,0,0.0
1,1,1,2,2,0,0.0
3,5,0,2,0,0,13.98
2,5,0,3,3,0,0.0
5,21,0,3,3,0,0.0
1,10,0,4,3,0,0.0
0,3,0,2,1,0,0.0
5,3,0,2,2,0,0.0
6,8,2,4,1,0,0.0
0,0,0,4,0,1,12.65
4,16,2,3,1,0,0.0
4,4,0,2,0,2,34.3
4,11,0,3,2,0,0.0
3,4,0,4,2,0,0.0
6,5,0,4,0,0,5.76
5,3,0,2,0,2,35.81
2,7,2,4,0,2,40.34
3,11,1,4,3,0,0.0
6,17,2,2,0,2,71.65
2,8,1,4,0,2,29.5
0,21,1,4,1,0,0.0
4,10,0,3,2,0,0.0
0,1,0,4,2,0,0.0
2,20,0,3,3,0,0.0
2,23,0,2,0,0,13.6
1,6,1,2,1,0,0.0
2,17,2,4,1,0,0.0
5,19,1,4,1,0,0.0
3,12,0,2,2,0,0.0
2,20,1,4,1,0,0.0
3,5,0,2,2,0,0.0
4,12,0,4,0,1,12.59
2,22,1,2,2,0,0.0
0,2,0,4,1,0,0.0
6,1,0,3,1,0,0.0
0,12,0,4,2,0,0.0
5,17,1,4,0,5,61.89
1,10,0,2,0,0,11.25
6,22,1,4,0,2,24.76
0,22,0,3,3,0,0.0
4,9,1,4,1,0,0.0
2,5,0,3,2,0,0.0
5,11,0,3,3,0,0.0
0,17,2,2,0,1,46.52
3,19,1,4,1,0,0.0
5,17,1,2,0,2,55.86
5,19,1,2,1,0,0.0
4,16,2,4,1,0,0.0
6,19,2,4,1,0,0.0
4,16,1,4,0,3,37.78
2,15,1,4,1,0,0.0
6,15,0,2,1,0,0.0
5,4,0,3,1,0,0.0
0,2,1,4,4,0,0.0
5,12,0,4,1,0,0.0
2,4,1,2,2,0,0.0
1,18,1,3,0,2,38.93
4,3,0,2,2,0,0.0
5,17,1,3,1,0,0.0
6,5,0,4,1,0,0.0
4,16,2,2,0,2,71.14
1,3,0,2,0,0,11.12
1,5,0,2,0,2,34.69
4,12,0,3,3,0,0.0
0,1,1,2,2,0,0.0
4,21,1,4,3,0,0.0
5,12,0,2,2,0,0.0
0,9,2,2,1,0,0.0
6,2,0,3,1,0,0.0
4,9,2,3,0,1,31.83
4,16,2,2,0,4,116.99
6,17,1,4,0,3,40.52
2,13,0,4,0,0,6.41
0,6,0,4,3,0,0.0
6,12,0,2,1,0,0.0
6,8,2,3,1,0,0.0
3,2,0,3,0,1,13.75
3,21,0,3,2,0,0.0
0,2,1,2,1,0,0.0
2,9,2,2,0,2,71.38
2,0,1,3,2,0,0.0
0,12,1,4,2,0,0.0
6,19,1,3,0,3,50.5
6,17,2,2,1,0,0.0
4,6,1,3,1,0,0.0
3,17,2,4,1,0,0.0
1,12,0,4,0,2,19.39
1,17,2,3,0,4,82.68
4,21,1,4,3,0,0.0
6,19,2,2,0,3,92.25
6,18,1,3,0,4,65.23
6,2,0,4,3,0,0.0
0,22,0,4,1,0,0.0
0,2,0,2,2,0,0.0
6,11,1,3,1,0,0.0
3,0,0,3,0,2,24.68
2,4,0,2,1,0,0.0
2,16,1,3,1,0,0.0
3,14,1,3,0,2,33.84
5,4,0,3,3,0,0.0
4,5,0,2,2,0,0.0
5,20,0,4,2,0,0.0
0,19,2,4,1,0,0.0
1,13,0,3,1,0,0.0
1,19,2,3,0,4,80.43
0,22,1,3,2,0,0.0
2,4,1,2,1,0,0.0
5,9,2,3,0,3,62.5
3,16,1,2,0,2,57.86
6,11,0,3,0,2,23.41
0,2,0,4,1,0,0.0
5,10,0,3,0,1,18.82
1,6,0,2,1,0,0.0
1,16,2,2,0,3,96.04
0,1,0,2,2,0,0.0
5,16,1,2,0,4,101.3
1,2,0,2,0,1,24.88
4,11,0,2,0,0,11.08
6,11,1,4,0,0,5.1
0,18,1,3,0,4,61.39
6,3,0,4,2,0,0.0
1,13,1,2,0,2,45.58
2,7,1,3,0,2,39.53
0,1,0,3,3,0,0.0
4,10,0,4,0,1,13.52
2,22,0,4,4,0,0.0
4,9,2,4,0,3,44.84
1,20,1,2,2,0,0.0
3,13,1,4,4,0,0.0
1,13,0,3,2,0,0.0
2,15,0,2,2,0,0.0
0,19,2,4,0,4,61.79
1,9,1,4,0,1,18.53
0,8,1,3,0,3,52.29
6,17,2,4,1,0,0.0
1,21,0,2,1,0,0.0
2,6,0,4,3,0,0.0
2,16,2,2,0,4,123.22
4,1,0,3,3,0,0.0
0,23,0,3,1,0,0.0
4,17,2,2,0,3,97.79
4,16,2,2,0,2,71.46
2,7,2,3,0,4,78.22
1,17,2,2,0,1,43.7
3,14,1,3,0,1,20.23
2,14,0,4,2,0,0.0
0,11,0,3,1,0,0.0
4,5,0,4,4,0,0.0
0,17,2,3,0,1,31.58
3,20,0,4,0,2,16.78
4,3,0,2,0,0,12.24
3,16,1,3,0,2,39.15
2,9,2,4,1,0,0.0
0,21,0,4,1,0,0.0
5,0,1,3,2,0,0.0
1,10,1,3,0,2,32.05
1,0,1,2,0,0,14.95
3,10,0,4,0,0,6.59
1,13,0,4,0,1,13.38
0,10,1,2,0,1,30.32
6,20,1,4,4,0,0.0
2,14,1,4,2,0,0.0
0,14,0,3,3,0,0.0
0,14,0,4,1,0,0.0
3,19,1,4,0,5,61.32
5,11,0,4,1,0,0.0
5,2,0,2,1,0,0.0
2,21,0,4,2,0,0.0
6,23,0,2,2,0,0.0
4,3,0,2,1,0,0.0
1,1,0,2,0,2,37.3
4,22,0,3,0,2,25.04
2,20,0,4,1,0,0.0
5,10,1,4,1,0,0.0
4,11,0,3,2,0,0.0
5,18,1,3,0,3,53.42
3,2,0,2,1,0,0.0
3,18,1,4,0,4,49.22
4,13,0,4,0,2,20.66
3,22,0,3,2,0,0.0
0,22,0,2,2,0,0.0
2,22,0,4,1,0,0.0
5,6,0,4,2,0,0.0
4,22,0,3,0,0,8.91
3,15,0,3,1,0,0.0
2,10,0,2,0,2,36.28
2,0,0,2,0,1,25.72
2,8,2,2,0,3,93.71
0,14,0,4,1,0,0.0
4,1,0,4,4,0,0.0
5,4,0,2,1,0,0.0
2,3,0,2,2,0,0.0
6,1,0,4,3,0,0.0
6,21,0,2,0,0,12.72
5,17,2,4,0,2,35.93
0,4,0,2,1,0,0.0
3,14,0,2,2,0,0.0
0,9,2,4,1,0,0.0
2,18,2,4,1,0,0.0
2,18,1,2,0,5,116.58
5,18,2,3,0,4,79.74
0,7,2,2,0,1,44.24
5,4,0,3,2,0,0.0
4,5,0,2,1,0,0.0
3,0,1,4,1,0,0.0
0,14,0,2,1,0,0.0
6,5,1,2,2,0,0.0
0,5,0,2,2,0,0.0
1,3,1,4,1,0,0.0
0,11,0,4,4,0,0.0
4,15,0,4,2,0,0.0
4,3,0,3,0,2,23.9
3,6,0,4,2,0,0.0
4,17,2,2,0,5,144.19
5,14,0,4,1,0,0.0
5,22,0,2,2,0,0.0
4,1,0,4,2,0,0.0
1,15,1,4,4,0,0.0
6,6,1,2,1,0,0.0
4,4,1,4,3,0,0.0
1,16,2,3,0,1,32.32
5,3,0,4,1,0,0.0
5,15,0,2,0,0,10.44
4,6,0,4,4,0,0.0
1,20,0,2,2,0,0.0
1,1,0,3,2,0,0.0
2,15,1,3,1,0,0.0
5,4,1,4,0,0,10.66
3,11,1,4,1,0,0.0
5,0,0,4,0,0,4.52
0,20,0,2,1,0,0.0
5,22,0,2,0,0,14.44
5,14,0,3,1,0,0.0
5,3,0,2,2,0,0.0
1,1,1,2,0,1,33.35
2,1,0,3,3,0,0.0
1,0,0,4,2,0,0.0
5,19,2,2,1,0,0.0
3,11,1,3,0,2,31.21
4,7,1,2,0,2,62.05
4,2,1,3,0,1,19.28
2,12,0,4,1,0,0.0
4,23,0,4,0,0,8.09
2,7,2,4,0,1,26.0
4,12,0,3,1,0,0.0
4,2,0,2,1,0,0.0
3,0,0,4,2,0,0.0
3,17,2,3,1,0,0.0
3,1,0,3,3,0,0.0
1,2,1,4,3,0,0.0
2,11,0,2,2,0,0.0
2,8,2,3,0,4,78.66
3,12,1,2,1,0,0.0
4,6,0,4,4,0,0.0
3,11,0,2,2,0,0.0
4,12,0,2,0,0,15.28
6,5,0,3,3,0,0.0
6,3,0,2,0,1,24.5
1,13,0,4,2,0,0.0
5,17,2,4,0,2,36.58
0,21,1,4,0,2,24.9
5,15,1,4,4,0,0.0
0,23,0,4,1,0,0.0
5,7,2,4,0,5,71.73
4,21,0,3,1,0,0.0
1,17,1,3,0,3,53.62
3,5,1,3,0,1,23.25
4,7,1,2,0,2,55.0
6,1,0,4,0,0,8.86
5,11,1,4,3,0,0.0
3,0,1,3,2,0,0.0
2,14,0,4,4,0,0.0
5,8,2,3,1,0,0.0
3,18,2,4,0,3,44.68
1,11,0,2,1,0,0.0
4,15,0,3,3,0,0.0
5,19,2,4,0,4,62.07
1,8,1,2,0,3,80.25
2,11,1,2,2,0,0.0
0,18,2,3,0,5,93.82
0,10,0,2,2,0,0.0
1,10,1,3,3,0,0.0
3,9,1,3,0,2,38.18
0,14,0,3,1,0,0.0
2,22,0,4,2,0,0.0
1,12,0,2,0,2,35.29
2,20,1,4,1,0,0.0
1,5,0,3,2,0,0.0
6,10,0,3,0,1,16.24
4,13,1,2,1,0,0.0
1,3,0,4,0,2,18.13
5,21,0,4,3,0,0.0
4,11,0,2,0,0,14.06
2,23,0,4,0,2,21.37
2,10,0,2,1,0,0.0
6,21,1,3,1,0,0.0
3,16,2,3,0,4,82.79
0,3,0,3,1,0,0.0
6,20,0,4,4,0,0.0
3,10,0,4,1,0,0.0
3,14,0,3,3,0,0.0
3,21,0,3,1,0,0.0
1,14,0,2,1,0,0.0
0,20,1,2,2,0,0.0
2,4,1,3,0,0,9.71
2,10,1,4,0,0,7.71
0,4,1,3,1,0,0.0
5,4,0,2,0,1,21.63
3,21,0,2,1,0,0.0
0,19,1,3,0,2,37.39
6,12,1,4,0,1,18.18
1,1,0,2,0,1,28.23
4,11,1,3,1,0,0.0
4,12,1,2,0,2,46.28
5,5,1,4,3,0,0.0
6,7,1,3,0,5,76.82
2,21,0,4,1,0,0.0
1,5,1,2,2,0,0.0
6,14,1,2,2,0,0.0
1,16,2,4,0,1,23.95
2,11,1,3,1,0,0.0
6,11,0,2,0,1,25.56
3,2,0,4,0,1,10.88
3,2,1,2,1,0,0.0
0,16,2,2,1,0,0.0
6,3,0,4,1,0,0.0
3,1,0,2,1,0,0.0
0,4,0,3,2,0,0.0
5,17,2,2,0,1,48.85
6,15,1,4,3,0,0.0
5,8,2,4,1,0,0.0
3,6,0,3,2,0,0.0
1,4,0,2,2,0,0.0
1,4,1,2,2,0,0.0
0,20,1,2,1,0,0.0
2,4,1,3,1,0,0.0
5,21,1,4,1,0,0.0
1,23,0,3,0,1,15.72
1,19,1,3,0,1,25.97
3,7,2,4,1,0,0.0
6,7,2,2,0,5,145.09
0,8,2,3,1,0,0.0
2,3,0,2,1,0,0.0
5,10,1,2,1,0,0.0
6,3,1,4,2,0,0.0
1,0,0,4,1,0,0.0
6,12,0,2,2,0,0.0
0,16,2,3,1,0,0.0
1,18,2,4,0,4,60.01
0,10,0,4,3,0,0.0
0,11,0,3,0,0,7.46
5,21,0,2,0,1,24.78
5,8,1,2,0,3,77.82
3,8,2,2,0,5,143.26
5,12,0,4,4,0,0.0
2,14,0,4,2,0,0.0
6,5,0,2,0,0,11.98
0,8,2,2,0,1,51.2
0,19,2,4,0,2,37.12
5,21,0,2,1,0,0.0
0,6,0,4,3,0,0.0
4,12,1,3,3,0,0.0
3,1,1,4,3,0,0.0
1,2,0,2,1,0,0.0
3,7,2,2,0,2,71.41
3,20,1,3,0,1,23.06
2,22,1,4,4,0,0.0
4,15,1,4,3,0,0.0
2,7,1,4,0,2,28.58
0,19,2,2,1,0,0.0
2,9,1,2,0,2,60.85
1,3,0,2,0,0,13.24
4,2,0,3,2,0,0.0
3,12,0,3,3,0,0.0
6,9,1,3,0,1,25.79
1,13,0,4,3,0,0.0
2,9,2,4,1,0,0.0
3,12,1,3,3,0,0.0
4,14,0,3,3,0,0.0
6,6,0,3,3,0,0.0
5,1,0,3,0,0,9.23
3,7,2,3,0,4,76.86
1,1,1,4,3,0,0.0
2,18,2,3,0,4,77.75
3,2,1,2,2,0,0.0
5,11,1,2,2,0,0.0
3,7,1,3,0,3,49.61
4,14,0,4,1,0,0.0
2,11,0,2,2,0,0.0
1,14,1,3,1,0,0.0
3,9,1,2,0,5,117.29
2,16,2,4,0,5,75.47
3,11,0,3,3,0,0.0
1,9,2,3,0,2,52.46
2,22,0,3,2,0,0.0
4,3,1,3,1,0,0.0
6,19,2,2,0,3,97.28
4,14,0,3,2,0,0.0
3,8,2,2,0,2,73.0
1,1,0,4,4,0,0.0
3,4,1,4,3,0,0.0
5,6,1,4,4,0,0.0
5,16,2,4,0,2,32.4
1,3,1,2,1,0,0.0
1,1,0,4,0,1,11.41
6,1,0,3,2,0,0.0
6,16,1,3,0,4,63.42
2,10,1,3,1,0,0.0
6,4,0,2,0,0,11.26
2,8,2,4,0,4,59.66
0,4,1,4,1,0,0.0
4,1,0,2,2,0,0.0
6,11,0,2,0,0,11.56
5,14,0,3,2,0,0.0
4,22,0,4,1,0,0.0
2,18,2,3,1,0,0.0
0,17,1,3,0,1,22.04
2,22,1,3,2,0,0.0
1,8,2,4,1,0,0.0
3,7,1,2,0,5,118.5
4,11,0,2,1,0,0.0
1,6,0,3,1,0,0.0
0,7,2,2,1,0,0.0
2,5,0,3,1,0,0.0
5,3,0,2,0,2,35.35
3,22,0,4,4,0,0.0
5,22,1,4,3,0,0.0
6,17,1,2,0,2,58.98
4,8,2,3,0,2,52.15
6,20,1,2,2,0,0.0
3,14,0,3,3,0,0.0
2,6,0,2,0,1,23.16
0,4,1,2,1,0,0.0
0,5,1,2,2,0,0.0
2,13,0,3,1,0,0.0
3,10,0,4,1,0,0.0
1,4,0,4,4,0,0.0
6,7,1,2,0,2,53.44
2,12,0,4,1,0,0.0
1,0,0,2,0,0,11.93
2,13,0,3,0,2,27.2
5,3,0,4,3,0,0.0
2,0,0,3,1,0,0.0
6,15,1,4,2,0,0.0
6,10,1,2,0,0,20.17
2,20,0,3,0,0,5.87
1,7,2,4,0,4,60.99
1,7,1,2,0,2,57.57
0,4,0,4,3,0,0.0
0,18,1,4,0,4,48.54
5,5,1,2,0,1,37.79
0,11,0,2,2,0,0.0
3,8,2,4,1,0,0.0
5,3,1,3,3,0,0.0
2,8,1,3,0,3,48.99
0,12,1,3,1,0,0.0
4,14,1,2,1,0,0.0
5,4,1,3,0,0,11.34
1,10,0,4,4,0,0.0
6,22,0,3,3,0,0.0
6,17,2,3,0,5,96.94
5,23,0,2,1,0,0.0
1,20,0,2,2,0,0.0
6,2,0,2,0,0,14.67
0,1,1,2,1,0,0.0
4,1,1,2,1,0,0.0
5,17,2,3,0,1,32.2
3,1,0,3,0,2,25.62
1,19,2,2,0,5,143.22
4,19,2,3,0,2,48.54
4,10,0,4,3,0,0.0
0,5,0,2,1,0,0.0
3,23,0,3,1,0,0.0
4,14,0,2,0,1,24.31
6,9,1,2,0,4,98.74
1,12,0,4,2,0,0.0
4,20,0,3,1,0,0.0
5,23,1,2,2,0,0.0
6,6,0,2,1,0,0.0
2,14,0,2,2,0,0.0
6,16,2,3,0,1,31.26
2,14,0,2,0,1,25.75
4,21,1,3,2,0,0.0
0,19,1,3,1,0,0.0
3,8,2,4,0,4,59.94
3,20,0,4,1,0,0.0
4,23,0,3,1,0,0.0
2,5,0,3,3,0,0.0
2,5,0,2,2,0,0.0
1,0,0,3,3,0,0.0
2,17,1,2,0,1,41.25
5,11,1,4,1,0,0.0
1,18,1,3,0,3,51.9
6,13,0,2,0,2,33.95
2,10,1,4,4,0,0.0
3,7,1,3,1,0,0.0
5,23,1,2,1,0,0.0
1,19,2,4,0,1,26.52
3,12,0,2,2,0,0.0
2,19,1,4,0,1,17.69
1,6,0,4,1,0,0.0
5,17,1,2,0,5,115.69
4,7,1,4,0,1,18.31
1,4,0,2,0,1,27.75
5,9,2,4,0,3,43.73
4,4,1,3,3,0,0.0
4,15,0,3,0,0,14.61
6,18,2,2,0,3,98.11
4,17,2,2,0,3,96.45
6,4,0,4,0,1,12.39
1,18,2,4,1,0,0.0
5,16,1,3,0,5,78.57
2,23,1,3,3,0,0.0
2,12,0,4,0,2,19.79
3,23,0,2,1,0,0.0
5,5,1,2,0,2,50.04
3,4,0,2,0,0,13.61
0,9,1,4,0,3,39.18
1,19,2,3,0,1,31.61
2,23,1,3,0,0,10.53
3,19,1,3,1,0,0.0
4,19,2,4,0,5,71.61
5,16,2,2,0,5,146.27
5,6,1,2,2,0,0.0
0,1,0,2,1,0,0.0
3,0,1,4,1,0,0.0
5,0,0,2,1,0,0.0
1,23,1,2,1,0,0.0
1,17,1,3,0,1,27.19
2,20,0,2,0,1,19.12
1,16,2,2,0,3,97.31
4,22,0,2,2,0,0.0
1,21,1,4,0,0,8.51
3,12,1,4,3,0,0.0
1,14,0,3,1,0,0.0
1,17,2,2,1,0,0.0
5,6,0,2,1,0,0.0
5,2,0,4,0,2,18.71
4,12,0,2,1,0,0.0
0,7,2,3,0,1,31.22
0,2,0,2,2,0,0.0
4,5,0,2,2,0,0.0
4,4,1,2,2,0,0.0
6,16,1,4,0,2,31.5
3,23,1,4,0,2,26.27
3,10,1,4,0,1,14.7
3,15,0,3,0,1,17.48
6,20,0,4,4,0,0.0
1,0,1,4,4,0,0.0
0,20,0,3,0,2,23.06
1,14,0,4,3,0,0.0
0,14,1,4,0,1,13.49
4,13,1,4,1,0,0.0
4,22,0,3,3,0,0.0
1,23,0,4,1,0,0.0
5,12,0,3,3,0,0.0
4,12,1,2,1,0,0.0
4,3,0,2,1,0,0.0
1,9,2,4,0,3,46.75
2,7,2,4,1,0,0.0
5,20,0,2,2,0,0.0
2,4,1,4,0,1,17.97
2,20,0,3,3,0,0.0
3,18,1,3,1,0,0.0
4,19,2,3,0,5,97.91
0,17,2,4,0,4,61.03
2,17,2,3,0,4,81.45
2,2,0,4,4,0,0.0
6,16,1,3,1,0,0.0
3,7,2,3,0,2,49.03
3,23,1,4,4,0,0.0
0,12,1,3,0,1,20.38
2,10,1,2,0,2,49.61
5,16,1,3,0,2,40.6
0,1,0,2,0,1,26.51
0,12,0,3,0,0,10.71
6,17,2,2,0,3,97.42
4,3,0,2,2,0,0.0
4,18,1,4,0,3,39.7
3,9,2,4,0,5,74.14
4,23,0,3,0,2,24.95
2,13,0,2,0,1,23.24
6,11,0,2,0,0,12.17
0,21,1,3,3,0,0.0
6,21,0,3,2,0,0.0
5,6,0,2,1,0,0.0
2,3,0,4,4,0,0.0
1,14,1,4,2,0,0.0
3,14,0,4,4,0,0.0
6,15,0,4,0,2,17.26
3,5,1,3,0,0,9.48
0,20,0,2,1,0,0.0
5,3,0,2,1,0,0.0
2,9,1,3,0,4,64.71
3,8,2,4,1,0,0.0
4,12,0,3,2,0,0.0
0,12,0,2,0,1,23.42
2,19,2,4,1,0,0.0
1,10,0,3,1,0,0.0
6,5,1,2,0,1,31.88
1,6,1,4,2,0,0.0
3,0,0,3,2,0,0.0
3,12,1,3,2,0,0.0
5,10,1,3,1,0,0.0
4,13,0,3,0,0,4.55
4,7,1,3,1,0,0.0
6,2,0,2,1,0,0.0
